config,n_kept,removed,seed,te_acc,te_auc,tgt_acc,tgt_auc,thr
Standard_33,33,(none),42,0.9014735264735265,0.9556942183690436,0.6748751248751249,0.8163535889684741,0.5399999999999998
Standard_33,33,(none),43,0.9008491508491508,0.9568268270191347,0.6645854145854145,0.8443331743181892,0.46999999999999986
Standard_33,33,(none),44,0.90497002997003,0.9608222696384534,0.6511738261738261,0.8338715430423722,0.48999999999999977
Standard_33,33,(none),45,0.9088411588411588,0.9591901604888617,0.6667082917082917,0.842066083267382,0.5199999999999998
Standard_33,33,(none),46,0.907967032967033,0.9592387507597298,0.6531718281718282,0.830380209201388,0.45999999999999985
Standard_33,33,(none),47,0.9065934065934066,0.9604973572880666,0.6531718281718282,0.8228875382858899,0.5199999999999998
Standard_33,33,(none),48,0.9032217782217782,0.9567005796401402,0.6586413586413586,0.8359254282181354,0.48999999999999977
Standard_33,33,(none),49,0.9032217782217782,0.9581712618051279,0.66993006993007,0.8313962960116805,0.5299999999999998
Standard_33,33,(none),50,0.903971028971029,0.9572060057824293,0.6868631368631368,0.8360130890587933,0.5699999999999997
Standard_33,33,(none),51,0.9050949050949051,0.9598786578057309,0.6634365634365634,0.8317093795315573,0.5199999999999998
Standard_33,33,(none),52,0.9068431568431569,0.9580723347581489,0.6411088911088911,0.8289122216444893,0.45999999999999985
Standard_33,33,(none),53,0.9047202797202797,0.9568340001656684,0.6576673326673327,0.8401438459143253,0.46999999999999986
Standard_33,33,(none),54,0.9044705294705294,0.9594163952930187,0.6755494505494506,0.8411043090276357,0.48999999999999977
Standard_33,33,(none),55,0.9093406593406593,0.9599859431278013,0.6768231768231768,0.848085082998919,0.48999999999999977
Standard_33,33,(none),56,0.906093906093906,0.9568840874410305,0.6755744255744256,0.8408037990980048,0.48999999999999977
Standard_33,33,(none),57,0.9058441558441559,0.9571548581288841,0.7071178821178821,0.8451894633837691,0.5299999999999998
Standard_33,33,(none),58,0.9077172827172827,0.9592983190635538,0.685014985014985,0.8421050677594134,0.4999999999999998
Standard_33,33,(none),59,0.9020979020979021,0.9571670836655852,0.6807692307692308,0.8400739844571014,0.6299999999999997
Standard_33,33,(none),60,0.8983516483516484,0.9551179963892252,0.675974025974026,0.8268609786816581,0.5999999999999998
Standard_33,33,(none),61,0.9020979020979021,0.956567720491297,0.6762737262737263,0.8359509508972547,0.5599999999999997
LOO_AvgE2EDelay,32,AverageEndToEndDelay,42,0.9022227772227772,0.9560760792653901,0.6807192807192807,0.8287214446392768,0.5499999999999998
LOO_AvgE2EDelay,32,AverageEndToEndDelay,43,0.9020979020979021,0.956725467339853,0.6923826173826174,0.8533225366042549,0.5199999999999998
LOO_AvgE2EDelay,32,AverageEndToEndDelay,44,0.9068431568431569,0.9604969206617557,0.6853646353646353,0.8506870876376371,0.48999999999999977
LOO_AvgE2EDelay,32,AverageEndToEndDelay,45,0.9058441558441559,0.9584308673344637,0.691008991008991,0.8483037005452091,0.47999999999999976
LOO_AvgE2EDelay,32,AverageEndToEndDelay,46,0.9058441558441559,0.9593321887902306,0.6887862137862137,0.8412076859204731,0.5499999999999998
LOO_AvgE2EDelay,32,AverageEndToEndDelay,47,0.907967032967033,0.9607413690205899,0.6624625374625375,0.8368755557629184,0.5299999999999998
LOO_AvgE2EDelay,32,AverageEndToEndDelay,48,0.9018481518481518,0.9564878802516166,0.6782467532467532,0.8370904744606043,0.5199999999999998
LOO_AvgE2EDelay,32,AverageEndToEndDelay,49,0.9052197802197802,0.958706066660612,0.7004245754245755,0.8358613090206497,0.5499999999999998
LOO_AvgE2EDelay,32,AverageEndToEndDelay,50,0.9052197802197802,0.956742932392283,0.7063686313686314,0.8427103004388219,0.5799999999999997
LOO_AvgE2EDelay,32,AverageEndToEndDelay,51,0.9038461538461539,0.9590839979201617,0.6612637362637362,0.8391176430961645,0.4999999999999998
LOO_AvgE2EDelay,32,AverageEndToEndDelay,52,0.9059690309690309,0.9584851337473717,0.6779220779220779,0.8356916285512689,0.5099999999999998
LOO_AvgE2EDelay,32,AverageEndToEndDelay,53,0.9024725274725275,0.9569916846390373,0.6515984015984015,0.8326244834086992,0.46999999999999986
LOO_AvgE2EDelay,32,AverageEndToEndDelay,54,0.9045954045954046,0.959166769793643,0.6891608391608391,0.8507795613477431,0.45999999999999985
LOO_AvgE2EDelay,32,AverageEndToEndDelay,55,0.9089660339660339,0.9593306917857367,0.7101398601398602,0.8544283862990156,0.4999999999999998
LOO_AvgE2EDelay,32,AverageEndToEndDelay,56,0.9065934065934066,0.956581131156556,0.6903096903096904,0.8470767394443719,0.5099999999999998
LOO_AvgE2EDelay,32,AverageEndToEndDelay,57,0.906093906093906,0.9572867192747312,0.7562687312687313,0.8559565047839274,0.5799999999999997
LOO_AvgE2EDelay,32,AverageEndToEndDelay,58,0.9075924075924076,0.9589599336727208,0.7072927072927073,0.8489603578239941,0.5199999999999998
LOO_AvgE2EDelay,32,AverageEndToEndDelay,59,0.9032217782217782,0.9564328653364618,0.6835414585414585,0.8427717911459169,0.5899999999999997
LOO_AvgE2EDelay,32,AverageEndToEndDelay,60,0.9005994005994006,0.9557927087897118,0.6651348651348651,0.834890285788138,0.46999999999999986
LOO_AvgE2EDelay,32,AverageEndToEndDelay,61,0.9038461538461539,0.9568038105750393,0.688011988011988,0.8328920455169206,0.5399999999999998
LOO_AvgJitter,32,AverageJitter,42,0.900974025974026,0.9555216886011091,0.6640859140859141,0.8202958904232631,0.4999999999999998
LOO_AvgJitter,32,AverageJitter,43,0.903971028971029,0.9567523510455578,0.6734015984015984,0.8428797239224313,0.5299999999999998
LOO_AvgJitter,32,AverageJitter,44,0.9042207792207793,0.9608276962797443,0.6745254745254745,0.842996142219419,0.5299999999999998
LOO_AvgJitter,32,AverageJitter,45,0.9075924075924076,0.9590649734880504,0.6814685314685315,0.8383636742877503,0.5299999999999998
LOO_AvgJitter,32,AverageJitter,46,0.9062187812187812,0.959117930022026,0.6774225774225774,0.8329094631642084,0.5299999999999998
LOO_AvgJitter,32,AverageJitter,47,0.9075924075924076,0.9603097951000048,0.6577672327672328,0.8319683475864794,0.5199999999999998
LOO_AvgJitter,32,AverageJitter,48,0.9017232767232767,0.9568275131461945,0.65497002997003,0.8304665589156098,0.45999999999999985
LOO_AvgJitter,32,AverageJitter,49,0.9033466533466533,0.9584440908741608,0.6703546453546454,0.8299857884373368,0.47999999999999976
LOO_AvgJitter,32,AverageJitter,50,0.902972027972028,0.9570558063315308,0.6678071928071928,0.8364026520432615,0.47999999999999976
LOO_AvgJitter,32,AverageJitter,51,0.9055944055944056,0.9596651475397728,0.6622627372627372,0.8364136912039011,0.47999999999999976
LOO_AvgJitter,32,AverageJitter,52,0.9059690309690309,0.9581389514581322,0.6625624375624376,0.8346996809384422,0.5299999999999998
LOO_AvgJitter,32,AverageJitter,53,0.9047202797202797,0.9574926197678446,0.6461788211788212,0.8290843572012403,0.44999999999999984
LOO_AvgJitter,32,AverageJitter,54,0.9062187812187812,0.9591566026381211,0.687012987012987,0.8451172067193546,0.4999999999999998
LOO_AvgJitter,32,AverageJitter,55,0.9095904095904096,0.9586488686139035,0.6961038961038961,0.8527733355555533,0.5299999999999998
LOO_AvgJitter,32,AverageJitter,56,0.9067182817182817,0.9567645142070718,0.6673076923076923,0.8340453302940816,0.5099999999999998
LOO_AvgJitter,32,AverageJitter,57,0.9067182817182817,0.9578947526000473,0.7044205794205795,0.8471092481444629,0.48999999999999977
LOO_AvgJitter,32,AverageJitter,58,0.9093406593406593,0.9593885135843178,0.6961038961038961,0.8542950880288542,0.5099999999999998
LOO_AvgJitter,32,AverageJitter,59,0.9037212787212787,0.9564654251842064,0.6756493506493506,0.8374664496342819,0.5999999999999998
LOO_AvgJitter,32,AverageJitter,60,0.9004745254745254,0.9556715761760716,0.6653596403596403,0.8354503538419622,0.4999999999999998
LOO_AvgJitter,32,AverageJitter,61,0.9033466533466533,0.9563296344015625,0.6718781218781219,0.8321482912691703,0.5599999999999997
LOO_AvgFlowDelay,32,AvgFlowDelay,42,0.900974025974026,0.955699333134398,0.6659590409590409,0.8153236448865819,0.5699999999999997
LOO_AvgFlowDelay,32,AvgFlowDelay,43,0.901973026973027,0.9571504294905895,0.6564435564435565,0.8398118302776145,0.48999999999999977
LOO_AvgFlowDelay,32,AvgFlowDelay,44,0.906093906093906,0.9606695751800647,0.6678071928071928,0.8385922444189178,0.48999999999999977
LOO_AvgFlowDelay,32,AvgFlowDelay,45,0.9064685314685315,0.9586930926216641,0.6623376623376623,0.8341574696532239,0.45999999999999985
LOO_AvgFlowDelay,32,AvgFlowDelay,46,0.9077172827172827,0.9589994795414377,0.6567682317682317,0.8195593716972338,0.5199999999999998
LOO_AvgFlowDelay,32,AvgFlowDelay,47,0.9037212787212787,0.9600420807963265,0.6592407592407592,0.8163364545045364,0.5999999999999998
LOO_AvgFlowDelay,32,AvgFlowDelay,48,0.8997252747252747,0.955892945715623,0.6614135864135864,0.8398372157313216,0.46999999999999986
LOO_AvgFlowDelay,32,AvgFlowDelay,49,0.90497002997003,0.9577886524065345,0.6625374625374625,0.8246346710232824,0.5199999999999998
LOO_AvgFlowDelay,32,AvgFlowDelay,50,0.9057192807192808,0.9572735581102214,0.6725774225774226,0.8334499778443335,0.5499999999999998
LOO_AvgFlowDelay,32,AvgFlowDelay,51,0.9064685314685315,0.9594382266085563,0.6518231768231768,0.8301398501598303,0.48999999999999977
LOO_AvgFlowDelay,32,AvgFlowDelay,52,0.9050949050949051,0.958054682580157,0.6510739260739261,0.8296327623425525,0.5099999999999998
LOO_AvgFlowDelay,32,AvgFlowDelay,53,0.9042207792207793,0.9568557691060189,0.6612137862137862,0.8318741722812653,0.4999999999999998
LOO_AvgFlowDelay,32,AvgFlowDelay,54,0.9055944055944056,0.9597943265525682,0.670979020979021,0.8379272962302433,0.46999999999999986
LOO_AvgFlowDelay,32,AvgFlowDelay,55,0.9075924075924076,0.9599658583175066,0.680994005994006,0.8497001150697454,0.5099999999999998
LOO_AvgFlowDelay,32,AvgFlowDelay,56,0.9038461538461539,0.9569165225384006,0.6733766233766234,0.830991134240385,0.48999999999999977
LOO_AvgFlowDelay,32,AvgFlowDelay,57,0.9059690309690309,0.957526115243398,0.7017232767232767,0.8458583412092404,0.5599999999999997
LOO_AvgFlowDelay,32,AvgFlowDelay,58,0.9074675324675324,0.9591864803528141,0.6723526473526473,0.8331867582966483,0.5299999999999998
LOO_AvgFlowDelay,32,AvgFlowDelay,59,0.9050949050949051,0.9570193168469893,0.6710539460539461,0.8443387257098546,0.5899999999999997
LOO_AvgFlowDelay,32,AvgFlowDelay,60,0.8997252747252747,0.9554607480431656,0.6716783216783216,0.823521471036456,0.5999999999999998
LOO_AvgFlowDelay,32,AvgFlowDelay,61,0.9024725274725275,0.956958002037922,0.6755494505494506,0.8355170528771927,0.5499999999999998
LOO_AvgFlowJit,32,AvgFlowJitter,42,0.9004745254745254,0.95566140902055,0.6801448551448551,0.8280651728391488,0.5699999999999997
LOO_AvgFlowJit,32,AvgFlowJitter,43,0.900974025974026,0.9566311560567304,0.660064935064935,0.8452228964841352,0.45999999999999985
LOO_AvgFlowJit,32,AvgFlowJitter,44,0.9062187812187812,0.960304368458714,0.6795454545454546,0.845123882111894,0.5299999999999998
LOO_AvgFlowJit,32,AvgFlowJitter,45,0.9064685314685315,0.9582675067190551,0.7105394605394605,0.844572761154929,0.6199999999999998
LOO_AvgFlowJit,32,AvgFlowJitter,46,0.9085914085914086,0.9589120919040999,0.670979020979021,0.8362220197385033,0.48999999999999977
LOO_AvgFlowJit,32,AvgFlowJitter,47,0.9064685314685315,0.9609709097096709,0.6487262737262737,0.8306299132934998,0.48999999999999977
LOO_AvgFlowJit,32,AvgFlowJitter,48,0.9023476523476524,0.9562629553263919,0.6525974025974026,0.8257685421471636,0.4999999999999998
LOO_AvgFlowJit,32,AvgFlowJitter,49,0.903971028971029,0.9583662466404724,0.6655094905094905,0.8318936757548147,0.5699999999999997
LOO_AvgFlowJit,32,AvgFlowJitter,50,0.9045954045954046,0.9569889401307984,0.6783716283716283,0.8358959135270325,0.5499999999999998
LOO_AvgFlowJit,32,AvgFlowJitter,51,0.9067182817182817,0.9595813152881084,0.6594655344655345,0.8337989957095852,0.5099999999999998
LOO_AvgFlowJit,32,AvgFlowJitter,52,0.9052197802197802,0.95793529647176,0.6564935064935065,0.8262628779811598,0.5199999999999998
LOO_AvgFlowJit,32,AvgFlowJitter,53,0.9025974025974026,0.9572429318932816,0.663911088911089,0.8415112422542492,0.5499999999999998
LOO_AvgFlowJit,32,AvgFlowJitter,54,0.9055944055944056,0.959452136275313,0.6923076923076923,0.845245377749124,0.5599999999999997
LOO_AvgFlowJit,32,AvgFlowJitter,55,0.9087162837162838,0.9593902600895607,0.6878871128871129,0.8512951621305767,0.47999999999999976
LOO_AvgFlowJit,32,AvgFlowJitter,56,0.903971028971029,0.956727463345845,0.6594905094905095,0.8367652627093186,0.47999999999999976
LOO_AvgFlowJit,32,AvgFlowJitter,57,0.906968031968032,0.9579667959413214,0.7518231768231768,0.8620986992527951,0.5899999999999997
LOO_AvgFlowJit,32,AvgFlowJitter,58,0.9055944055944056,0.959631028312347,0.6988511488511489,0.8595090748412428,0.46999999999999986
LOO_AvgFlowJit,32,AvgFlowJitter,59,0.90497002997003,0.9566130672524278,0.6616383616383616,0.8412139009841308,0.5399999999999998
LOO_AvgFlowJit,32,AvgFlowJitter,60,0.9027222777222778,0.9555195678447426,0.6725024975024975,0.8345312554578288,0.5199999999999998
LOO_AvgFlowJit,32,AvgFlowJitter,61,0.9035964035964036,0.9566940302454789,0.6698551448551449,0.8357425840892374,0.5099999999999998
LOO_FlowDelayStd,32,FlowDelayStd,42,0.8941058941058941,0.9520344166323186,0.6747252747252748,0.8216988244023709,0.4999999999999998
LOO_FlowDelayStd,32,FlowDelayStd,43,0.8934815184815185,0.9528783529158156,0.6885614385614386,0.8482651239869022,0.4999999999999998
LOO_FlowDelayStd,32,FlowDelayStd,44,0.8968531468531469,0.9576281610497395,0.6922327672327673,0.8481399594411583,0.5599999999999997
LOO_FlowDelayStd,32,FlowDelayStd,45,0.8996003996003996,0.9556612842701754,0.667007992007992,0.8311872430766036,0.5399999999999998
LOO_FlowDelayStd,32,FlowDelayStd,46,0.8982267732267732,0.9551235477808904,0.6565434565434566,0.8317053725495284,0.45999999999999985
LOO_FlowDelayStd,32,FlowDelayStd,47,0.8978521478521478,0.9565136412039508,0.6497002997002997,0.8214884279057606,0.44999999999999984
LOO_FlowDelayStd,32,FlowDelayStd,48,0.8937312687312687,0.9535596770861505,0.6793956043956044,0.8356996874254616,0.5399999999999998
LOO_FlowDelayStd,32,FlowDelayStd,49,0.89498001998002,0.9550156387069475,0.6619130869130869,0.8289298077047826,0.47999999999999976
LOO_FlowDelayStd,32,FlowDelayStd,50,0.8963536463536463,0.9541915377329961,0.6725274725274726,0.8300991204100594,0.5399999999999998
LOO_FlowDelayStd,32,FlowDelayStd,51,0.8983516483516484,0.9564360464710114,0.6654345654345655,0.8338512810865459,0.5299999999999998
LOO_FlowDelayStd,32,FlowDelayStd,52,0.8947302697302697,0.9542751828590991,0.6712537462537462,0.8336199839121916,0.5599999999999997
LOO_FlowDelayStd,32,FlowDelayStd,53,0.8961038961038961,0.9530511321844989,0.6653346653346653,0.831049630938492,0.5099999999999998
LOO_FlowDelayStd,32,FlowDelayStd,54,0.8976023976023976,0.9558984347321011,0.6844905094905095,0.8444639488882746,0.5299999999999998
LOO_FlowDelayStd,32,FlowDelayStd,55,0.8987262737262737,0.955583939037985,0.7007742257742258,0.8401259953832382,0.5999999999999998
LOO_FlowDelayStd,32,FlowDelayStd,56,0.896978021978022,0.9531456929683704,0.6805694305694305,0.8353901692712882,0.5199999999999998
LOO_FlowDelayStd,32,FlowDelayStd,57,0.8984765234765235,0.9538403654287769,0.7306693306693307,0.8542020442095366,0.5499999999999998
LOO_FlowDelayStd,32,FlowDelayStd,58,0.8961038961038961,0.9559478358804032,0.7062187812187812,0.8535686416480622,0.5699999999999997
LOO_FlowDelayStd,32,FlowDelayStd,59,0.8947302697302697,0.9533707426439695,0.6801698301698301,0.8387103705485324,0.6099999999999998
LOO_FlowDelayStd,32,FlowDelayStd,60,0.8937312687312687,0.9522028920130818,0.6701798201798201,0.8377979587844724,0.4999999999999998
LOO_FlowDelayStd,32,FlowDelayStd,61,0.8943556443556444,0.9532658899542016,0.6924325674325674,0.8397727572128171,0.5499999999999998
LOO_FlowJitterStd,32,FlowJitterStd,42,0.8954795204795205,0.9514517700082136,0.664035964035964,0.7810810780128962,0.5199999999999998
LOO_FlowJitterStd,32,FlowJitterStd,43,0.8986013986013986,0.954185736840582,0.6724025974025974,0.8172760655927489,0.4999999999999998
LOO_FlowJitterStd,32,FlowJitterStd,44,0.8988511488511488,0.9584065410114361,0.6727522477522477,0.8131448945659735,0.46999999999999986
LOO_FlowJitterStd,32,FlowJitterStd,45,0.9028471528471529,0.9555448921707663,0.6827922077922078,0.8113300909879331,0.5799999999999997
LOO_FlowJitterStd,32,FlowJitterStd,46,0.9035964035964036,0.9567230347075502,0.6615634365634365,0.7997353670305718,0.5099999999999998
LOO_FlowJitterStd,32,FlowJitterStd,47,0.9024725274725275,0.9582121799279641,0.6489260739260739,0.787049659880579,0.43999999999999984
LOO_FlowJitterStd,32,FlowJitterStd,48,0.8966033966033966,0.953120431017534,0.6784715284715285,0.8030306481730057,0.4999999999999998
LOO_FlowJitterStd,32,FlowJitterStd,49,0.901973026973027,0.9556279135449964,0.6838661338661338,0.8070255219306168,0.5199999999999998
LOO_FlowJitterStd,32,FlowJitterStd,50,0.8988511488511488,0.9542539129202465,0.6826673326673327,0.825731906704684,0.46999999999999986
LOO_FlowJitterStd,32,FlowJitterStd,51,0.902972027972028,0.957793018669642,0.6617132867132867,0.7952773400425748,0.4999999999999998
LOO_FlowJitterStd,32,FlowJitterStd,52,0.9002247752247752,0.9547080666586161,0.674000999000999,0.8059657600142116,0.5499999999999998
LOO_FlowJitterStd,32,FlowJitterStd,53,0.8981018981018981,0.954029985998018,0.6634365634365634,0.7995151938471119,0.4999999999999998
LOO_FlowJitterStd,32,FlowJitterStd,54,0.9015984015984015,0.9562590256895951,0.6898601398601398,0.815390307744204,0.5199999999999998
LOO_FlowJitterStd,32,FlowJitterStd,55,0.9038461538461539,0.9559964885264586,0.6764985014985015,0.8193929509551388,0.47999999999999976
LOO_FlowJitterStd,32,FlowJitterStd,56,0.9008491508491508,0.9536445697159982,0.6755244755244755,0.801963159218404,0.4999999999999998
LOO_FlowJitterStd,32,FlowJitterStd,57,0.9003496503496503,0.9537111864159815,0.7122877122877123,0.8268776365991651,0.5099999999999998
LOO_FlowJitterStd,32,FlowJitterStd,58,0.903971028971029,0.9561964633767831,0.692982017982018,0.8177865865403329,0.5199999999999998
LOO_FlowJitterStd,32,FlowJitterStd,59,0.8972277722277723,0.9539289381946724,0.6680569430569431,0.8026108581727962,0.5499999999999998
LOO_FlowJitterStd,32,FlowJitterStd,60,0.8957292707292708,0.951910913761563,0.6802697302697303,0.8008063203030735,0.5699999999999997
LOO_FlowJitterStd,32,FlowJitterStd,61,0.8978521478521478,0.9531670876575973,0.6878621378621379,0.8174832160846147,0.5899999999999997
DJ_minus2_Flow_extremes,31,"FlowDelayStd, FlowJitterStd",42,0.8868631368631369,0.9493624507360772,0.6851898101898102,0.7991913905275544,0.5499999999999998
DJ_minus2_Flow_extremes,31,"FlowDelayStd, FlowJitterStd",43,0.8921078921078921,0.9505930508053385,0.6871128871128871,0.8244167533265936,0.5099999999999998
DJ_minus2_Flow_extremes,31,"FlowDelayStd, FlowJitterStd",44,0.89498001998002,0.9554190814180823,0.6710289710289711,0.810424792490227,0.4999999999999998
DJ_minus2_Flow_extremes,31,"FlowDelayStd, FlowJitterStd",45,0.8948551448551448,0.9525132709448394,0.6960789210789211,0.8201806460272993,0.5199999999999998
DJ_minus2_Flow_extremes,31,"FlowDelayStd, FlowJitterStd",46,0.8952297702297702,0.9536102009878233,0.6803196803196803,0.8179083728459353,0.48999999999999977
DJ_minus2_Flow_extremes,31,"FlowDelayStd, FlowJitterStd",47,0.8963536463536463,0.9550514420644292,0.6601148851148851,0.8007587729453364,0.45999999999999985
DJ_minus2_Flow_extremes,31,"FlowDelayStd, FlowJitterStd",48,0.889985014985015,0.9505564365704227,0.6862137862137863,0.8126676595133139,0.48999999999999977
DJ_minus2_Flow_extremes,31,"FlowDelayStd, FlowJitterStd",49,0.893981018981019,0.9530717159962914,0.6823926073926074,0.8121605929036,0.47999999999999976
DJ_minus2_Flow_extremes,31,"FlowDelayStd, FlowJitterStd",50,0.8904845154845155,0.9511937862337463,0.6839160839160839,0.8121019215549685,0.5399999999999998
DJ_minus2_Flow_extremes,31,"FlowDelayStd, FlowJitterStd",51,0.8943556443556444,0.9540359116408068,0.6636363636363637,0.7965403103390116,0.5299999999999998
DJ_minus2_Flow_extremes,31,"FlowDelayStd, FlowJitterStd",52,0.8924825174825175,0.9508218429921728,0.6841658341658342,0.8091919618842696,0.5399999999999998
DJ_minus2_Flow_extremes,31,"FlowDelayStd, FlowJitterStd",53,0.8918581418581418,0.9497330840987184,0.6758741258741259,0.8143520902174748,0.46999999999999986
DJ_minus2_Flow_extremes,31,"FlowDelayStd, FlowJitterStd",54,0.8946053946053946,0.9534888812486215,0.6846403596403596,0.8122646696460383,0.47999999999999976
DJ_minus2_Flow_extremes,31,"FlowDelayStd, FlowJitterStd",55,0.8972277722277723,0.9533447945660734,0.6884365634365635,0.821705217859064,0.5199999999999998
DJ_minus2_Flow_extremes,31,"FlowDelayStd, FlowJitterStd",56,0.8942307692307693,0.950883282551614,0.691958041958042,0.8143670515298886,0.46999999999999986
DJ_minus2_Flow_extremes,31,"FlowDelayStd, FlowJitterStd",57,0.891983016983017,0.9511565482469578,0.7017732267732267,0.8243640562733969,0.5199999999999998
DJ_minus2_Flow_extremes,31,"FlowDelayStd, FlowJitterStd",58,0.8901098901098901,0.9520667269793143,0.6834665334665335,0.8272768140949959,0.44999999999999984
DJ_minus2_Flow_extremes,31,"FlowDelayStd, FlowJitterStd",59,0.8894855144855145,0.9506035298367965,0.697002997002997,0.822734692879548,0.6199999999999998
DJ_minus2_Flow_extremes,31,"FlowDelayStd, FlowJitterStd",60,0.8888611388611388,0.9493627626120132,0.688011988011988,0.813841065278378,0.5399999999999998
DJ_minus2_Flow_extremes,31,"FlowDelayStd, FlowJitterStd",61,0.8901098901098901,0.9502174898029044,0.6971278721278721,0.8151969084861193,0.5599999999999997
DJ_minus2_Avg_only,31,"AverageEndToEndDelay, AverageJitter",42,0.9004745254745254,0.9559919975129765,0.6913086913086913,0.8306372348929791,0.5699999999999997
DJ_minus2_Avg_only,31,"AverageEndToEndDelay, AverageJitter",43,0.9027222777222778,0.956245552649149,0.7063436563436564,0.8527735201861076,0.5399999999999998
DJ_minus2_Avg_only,31,"AverageEndToEndDelay, AverageJitter",44,0.9059690309690309,0.9607377512597293,0.7077172827172827,0.8552820705767759,0.5499999999999998
DJ_minus2_Avg_only,31,"AverageEndToEndDelay, AverageJitter",45,0.9075924075924076,0.9589282470775978,0.7143856143856144,0.8505618869142846,0.5499999999999998
DJ_minus2_Avg_only,31,"AverageEndToEndDelay, AverageJitter",46,0.9044705294705294,0.9592364428778015,0.7122627372627373,0.8457173171483862,0.6099999999999998
DJ_minus2_Avg_only,31,"AverageEndToEndDelay, AverageJitter",47,0.906968031968032,0.9604546926599874,0.6747502497502498,0.839023992990027,0.47999999999999976
DJ_minus2_Avg_only,31,"AverageEndToEndDelay, AverageJitter",48,0.9018481518481518,0.9561768775679866,0.6729020979020979,0.8473398317466748,0.48999999999999977
DJ_minus2_Avg_only,31,"AverageEndToEndDelay, AverageJitter",49,0.9034715284715285,0.9580528736997268,0.6904845154845155,0.8390586486440632,0.4999999999999998
DJ_minus2_Avg_only,31,"AverageEndToEndDelay, AverageJitter",50,0.9044705294705294,0.9568113579726967,0.7012737262737263,0.8409481365288058,0.5199999999999998
DJ_minus2_Avg_only,31,"AverageEndToEndDelay, AverageJitter",51,0.9044705294705294,0.9597383136344175,0.6756243756243756,0.8488296094514876,0.47999999999999976
DJ_minus2_Avg_only,31,"AverageEndToEndDelay, AverageJitter",52,0.9067182817182817,0.9582083126663546,0.6667832167832168,0.8334748717815651,0.47999999999999976
DJ_minus2_Avg_only,31,"AverageEndToEndDelay, AverageJitter",53,0.901973026973027,0.9569259411916754,0.6525474525474525,0.8431244342570516,0.44999999999999984
DJ_minus2_Avg_only,31,"AverageEndToEndDelay, AverageJitter",54,0.9052197802197802,0.9587980076866192,0.7159090909090909,0.8466306944803448,0.5499999999999998
DJ_minus2_Avg_only,31,"AverageEndToEndDelay, AverageJitter",55,0.9070929070929071,0.9597330741186885,0.7362887112887113,0.8530967708615061,0.5699999999999997
DJ_minus2_Avg_only,31,"AverageEndToEndDelay, AverageJitter",56,0.9040959040959041,0.9563210890009091,0.7135614385614386,0.8465098263374986,0.5599999999999997
DJ_minus2_Avg_only,31,"AverageEndToEndDelay, AverageJitter",57,0.9052197802197802,0.9572905241611535,0.7375374625374626,0.8531726702368561,0.5199999999999998
DJ_minus2_Avg_only,31,"AverageEndToEndDelay, AverageJitter",58,0.9074675324675324,0.9595514375734155,0.7108141858141858,0.8554493009488014,0.5299999999999998
DJ_minus2_Avg_only,31,"AverageEndToEndDelay, AverageJitter",59,0.9048451548451548,0.9570949779491238,0.6914585414585415,0.8425835203757281,0.5899999999999997
DJ_minus2_Avg_only,31,"AverageEndToEndDelay, AverageJitter",60,0.8992257742257742,0.9554280010698591,0.7077422577422577,0.8410011017953076,0.6099999999999998
DJ_minus2_Avg_only,31,"AverageEndToEndDelay, AverageJitter",61,0.9020979020979021,0.9570978472077374,0.6827172827172827,0.8410531376715193,0.5499999999999998
DJ_minus4_Flow_only,29,"AvgFlowDelay, AvgFlowJitter, FlowDelayStd, FlowJitterStd",42,0.8792457542457542,0.9428466139255349,0.7525224775224775,0.8464502580336747,0.47999999999999976
DJ_minus4_Flow_only,29,"AvgFlowDelay, AvgFlowJitter, FlowDelayStd, FlowJitterStd",43,0.8827422577422578,0.9459187166479874,0.7953546453546454,0.8652650172005817,0.5099999999999998
DJ_minus4_Flow_only,29,"AvgFlowDelay, AvgFlowJitter, FlowDelayStd, FlowJitterStd",44,0.8848651348651349,0.9500677893535037,0.7694555444555444,0.8594572435556451,0.48999999999999977
DJ_minus4_Flow_only,29,"AvgFlowDelay, AvgFlowJitter, FlowDelayStd, FlowJitterStd",45,0.8846153846153846,0.9475084730454362,0.7746253746253746,0.8701801495208089,0.46999999999999986
DJ_minus4_Flow_only,29,"AvgFlowDelay, AvgFlowJitter, FlowDelayStd, FlowJitterStd",46,0.8866133866133866,0.9489795918367346,0.7685064935064935,0.8508377611399589,0.5499999999999998
DJ_minus4_Flow_only,29,"AvgFlowDelay, AvgFlowJitter, FlowDelayStd, FlowJitterStd",47,0.885989010989011,0.9512265332070527,0.749975024975025,0.8479246240772216,0.5099999999999998
DJ_minus4_Flow_only,29,"AvgFlowDelay, AvgFlowJitter, FlowDelayStd, FlowJitterStd",48,0.8818681318681318,0.9450747179893033,0.7507492507492507,0.8558497097308286,0.46999999999999986
DJ_minus4_Flow_only,29,"AvgFlowDelay, AvgFlowJitter, FlowDelayStd, FlowJitterStd",49,0.8837412587412588,0.9487720695887529,0.7618381618381619,0.8492711010268452,0.46999999999999986
DJ_minus4_Flow_only,29,"AvgFlowDelay, AvgFlowJitter, FlowDelayStd, FlowJitterStd",50,0.8811188811188811,0.9460924939196667,0.7547202797202798,0.8470345650852644,0.47999999999999976
DJ_minus4_Flow_only,29,"AvgFlowDelay, AvgFlowJitter, FlowDelayStd, FlowJitterStd",51,0.8841158841158842,0.9498647581190038,0.7495754245754246,0.8683700165967898,0.48999999999999977
DJ_minus4_Flow_only,29,"AvgFlowDelay, AvgFlowJitter, FlowDelayStd, FlowJitterStd",52,0.8831168831168831,0.9455465862808521,0.7267232767232767,0.8347096909084921,0.46999999999999986
DJ_minus4_Flow_only,29,"AvgFlowDelay, AvgFlowJitter, FlowDelayStd, FlowJitterStd",53,0.8801198801198801,0.9447425077420083,0.7547202797202798,0.8495954145754345,0.5399999999999998
DJ_minus4_Flow_only,29,"AvgFlowDelay, AvgFlowJitter, FlowDelayStd, FlowJitterStd",54,0.8842407592407593,0.9483956977088845,0.7521228771228772,0.848742382742133,0.47999999999999976
DJ_minus4_Flow_only,29,"AvgFlowDelay, AvgFlowJitter, FlowDelayStd, FlowJitterStd",55,0.8894855144855145,0.9486174414995592,0.7645104895104895,0.8583771697832637,0.4999999999999998
DJ_minus4_Flow_only,29,"AvgFlowDelay, AvgFlowJitter, FlowDelayStd, FlowJitterStd",56,0.8847402597402597,0.9458469851826496,0.7870379620379621,0.8612850835478207,0.47999999999999976
DJ_minus4_Flow_only,29,"AvgFlowDelay, AvgFlowJitter, FlowDelayStd, FlowJitterStd",57,0.8858641358641358,0.9463371917792496,0.7951798201798201,0.8640047302847003,0.5099999999999998
DJ_minus4_Flow_only,29,"AvgFlowDelay, AvgFlowJitter, FlowDelayStd, FlowJitterStd",58,0.8811188811188811,0.9470066022888202,0.7822677322677323,0.8653357257128486,0.46999999999999986
DJ_minus4_Flow_only,29,"AvgFlowDelay, AvgFlowJitter, FlowDelayStd, FlowJitterStd",59,0.8777472527472527,0.9446364075484954,0.7846653346653346,0.8583149767315601,0.5899999999999997
DJ_minus4_Flow_only,29,"AvgFlowDelay, AvgFlowJitter, FlowDelayStd, FlowJitterStd",60,0.8778721278721279,0.9424529641187983,0.7486513486513486,0.8480714789705799,0.46999999999999986
DJ_minus4_Flow_only,29,"AvgFlowDelay, AvgFlowJitter, FlowDelayStd, FlowJitterStd",61,0.8814935064935064,0.9459490309889911,0.7933316683316683,0.8587838560041358,0.6099999999999998
DJ_minus6_all,27,"AverageEndToEndDelay, AverageJitter, AvgFlowDelay, AvgFlowJitter, FlowDelayStd, FlowJitterStd",42,0.869005994005994,0.9377848051049849,0.7842407592407592,0.8569407440711136,0.5599999999999997
DJ_minus6_all,27,"AverageEndToEndDelay, AverageJitter, AvgFlowDelay, AvgFlowJitter, FlowDelayStd, FlowJitterStd",43,0.8748751248751249,0.9409132949967116,0.8104645354645355,0.8727019908163766,0.5399999999999998
DJ_minus6_all,27,"AverageEndToEndDelay, AverageJitter, AvgFlowDelay, AvgFlowJitter, FlowDelayStd, FlowJitterStd",44,0.8762487512487512,0.9459331876914293,0.8041208791208792,0.8663304178339144,0.5399999999999998
DJ_minus6_all,27,"AverageEndToEndDelay, AverageJitter, AvgFlowDelay, AvgFlowJitter, FlowDelayStd, FlowJitterStd",45,0.8753746253746254,0.9425304341013632,0.8078921078921079,0.8742187383046525,0.5199999999999998
DJ_minus6_all,27,"AverageEndToEndDelay, AverageJitter, AvgFlowDelay, AvgFlowJitter, FlowDelayStd, FlowJitterStd",46,0.8821178821178821,0.9447211754279685,0.7865384615384615,0.8596500402694208,0.48999999999999977
DJ_minus6_all,27,"AverageEndToEndDelay, AverageJitter, AvgFlowDelay, AvgFlowJitter, FlowDelayStd, FlowJitterStd",47,0.8782467532467533,0.9460155229385998,0.7856143856143856,0.8570680318682317,0.48999999999999977
DJ_minus6_all,27,"AverageEndToEndDelay, AverageJitter, AvgFlowDelay, AvgFlowJitter, FlowDelayStd, FlowJitterStd",48,0.8715034965034965,0.939222366045543,0.800999000999001,0.867967634263838,0.5599999999999997
DJ_minus6_all,27,"AverageEndToEndDelay, AverageJitter, AvgFlowDelay, AvgFlowJitter, FlowDelayStd, FlowJitterStd",49,0.8753746253746254,0.9429393658289763,0.7849400599400599,0.8595065274385953,0.47999999999999976
DJ_minus6_all,27,"AverageEndToEndDelay, AverageJitter, AvgFlowDelay, AvgFlowJitter, FlowDelayStd, FlowJitterStd",50,0.8725024975024975,0.9407562342752154,0.7864635364635365,0.8594820139900059,0.5599999999999997
DJ_minus6_all,27,"AverageEndToEndDelay, AverageJitter, AvgFlowDelay, AvgFlowJitter, FlowDelayStd, FlowJitterStd",51,0.8786213786213786,0.9434203408978633,0.7981518481518481,0.8712813984217581,0.5099999999999998
DJ_minus6_all,27,"AverageEndToEndDelay, AverageJitter, AvgFlowDelay, AvgFlowJitter, FlowDelayStd, FlowJitterStd",52,0.8727522477522478,0.9405948072906116,0.7833166833166834,0.8532267557617208,0.5499999999999998
DJ_minus6_all,27,"AverageEndToEndDelay, AverageJitter, AvgFlowDelay, AvgFlowJitter, FlowDelayStd, FlowJitterStd",53,0.8743756243756243,0.940397826449275,0.7902597402597402,0.8582028323824029,0.5099999999999998
DJ_minus6_all,27,"AverageEndToEndDelay, AverageJitter, AvgFlowDelay, AvgFlowJitter, FlowDelayStd, FlowJitterStd",54,0.8764985014985015,0.9429862719697885,0.7912337662337663,0.8615410875338447,0.47999999999999976
DJ_minus6_all,27,"AverageEndToEndDelay, AverageJitter, AvgFlowDelay, AvgFlowJitter, FlowDelayStd, FlowJitterStd",55,0.8817432567432567,0.9434451038472017,0.7985264735264735,0.8677294184337141,0.5199999999999998
DJ_minus6_all,27,"AverageEndToEndDelay, AverageJitter, AvgFlowDelay, AvgFlowJitter, FlowDelayStd, FlowJitterStd",56,0.876998001998002,0.94143893069967,0.8116633366633367,0.8647544164127581,0.5599999999999997
DJ_minus6_all,27,"AverageEndToEndDelay, AverageJitter, AvgFlowDelay, AvgFlowJitter, FlowDelayStd, FlowJitterStd",57,0.8778721278721279,0.9414783518180123,0.8098901098901099,0.8676940641775805,0.5299999999999998
DJ_minus6_all,27,"AverageEndToEndDelay, AverageJitter, AvgFlowDelay, AvgFlowJitter, FlowDelayStd, FlowJitterStd",58,0.8692557442557443,0.9416177603615167,0.801073926073926,0.8779258877985152,0.4299999999999998
DJ_minus6_all,27,"AverageEndToEndDelay, AverageJitter, AvgFlowDelay, AvgFlowJitter, FlowDelayStd, FlowJitterStd",59,0.8726273726273727,0.9402592287832048,0.8022977022977023,0.8605237220322136,0.5899999999999997
DJ_minus6_all,27,"AverageEndToEndDelay, AverageJitter, AvgFlowDelay, AvgFlowJitter, FlowDelayStd, FlowJitterStd",60,0.8697552447552448,0.9368037057847248,0.7885114885114886,0.8600986800412375,0.4999999999999998
DJ_minus6_all,27,"AverageEndToEndDelay, AverageJitter, AvgFlowDelay, AvgFlowJitter, FlowDelayStd, FlowJitterStd",61,0.8748751248751249,0.9409018179622575,0.8092657342657342,0.869985127260352,0.5499999999999998
Top6_dShift_nonDJ,27,"AvgFlowThroughput, AvgTxPacketsPerFlow, FlowCount, FlowThroughputStd, NormalizedRoutingLoad, TcMessageRate",42,0.8893606393606394,0.9484828358454733,0.6367882117882118,0.8709306128436998,0.5499999999999998
Top6_dShift_nonDJ,27,"AvgFlowThroughput, AvgTxPacketsPerFlow, FlowCount, FlowThroughputStd, NormalizedRoutingLoad, TcMessageRate",43,0.893981018981019,0.9488486663186964,0.6287712287712288,0.8906994553897652,0.5199999999999998
Top6_dShift_nonDJ,27,"AvgFlowThroughput, AvgTxPacketsPerFlow, FlowCount, FlowThroughputStd, NormalizedRoutingLoad, TcMessageRate",44,0.8964785214785215,0.9531450068413105,0.6403596403596403,0.8866276480761996,0.5899999999999997
Top6_dShift_nonDJ,27,"AvgFlowThroughput, AvgTxPacketsPerFlow, FlowCount, FlowThroughputStd, NormalizedRoutingLoad, TcMessageRate",45,0.8952297702297702,0.9516591051306336,0.6244005994005994,0.8828868159812215,0.5399999999999998
Top6_dShift_nonDJ,27,"AvgFlowThroughput, AvgTxPacketsPerFlow, FlowCount, FlowThroughputStd, NormalizedRoutingLoad, TcMessageRate",46,0.8962287712287712,0.9521243616523336,0.6154595404595404,0.8760616007369254,0.48999999999999977
Top6_dShift_nonDJ,27,"AvgFlowThroughput, AvgTxPacketsPerFlow, FlowCount, FlowThroughputStd, NormalizedRoutingLoad, TcMessageRate",47,0.8938561438561439,0.951692600606187,0.6305694305694306,0.8817626417039504,0.5299999999999998
Top6_dShift_nonDJ,27,"AvgFlowThroughput, AvgTxPacketsPerFlow, FlowCount, FlowThroughputStd, NormalizedRoutingLoad, TcMessageRate",48,0.8934815184815185,0.9495470189151507,0.6257992007992008,0.8733740036187589,0.5299999999999998
Top6_dShift_nonDJ,27,"AvgFlowThroughput, AvgTxPacketsPerFlow, FlowCount, FlowThroughputStd, NormalizedRoutingLoad, TcMessageRate",49,0.8924825174825175,0.9510423392791025,0.6312687312687313,0.8823774165395044,0.5299999999999998
Top6_dShift_nonDJ,27,"AvgFlowThroughput, AvgTxPacketsPerFlow, FlowCount, FlowThroughputStd, NormalizedRoutingLoad, TcMessageRate",50,0.8932317682317682,0.9508607651090168,0.6253246753246753,0.884390029301368,0.5199999999999998
Top6_dShift_nonDJ,27,"AvgFlowThroughput, AvgTxPacketsPerFlow, FlowCount, FlowThroughputStd, NormalizedRoutingLoad, TcMessageRate",51,0.8974775224775224,0.9537510441606346,0.6237012987012988,0.8692377477667188,0.5299999999999998
Top6_dShift_nonDJ,27,"AvgFlowThroughput, AvgTxPacketsPerFlow, FlowCount, FlowThroughputStd, NormalizedRoutingLoad, TcMessageRate",52,0.8989760239760239,0.9534906277538646,0.6287462537462537,0.8784431253062621,0.5499999999999998
Top6_dShift_nonDJ,27,"AvgFlowThroughput, AvgTxPacketsPerFlow, FlowCount, FlowThroughputStd, NormalizedRoutingLoad, TcMessageRate",53,0.8943556443556444,0.9498133609647096,0.6302947052947053,0.8803210288712287,0.48999999999999977
Top6_dShift_nonDJ,27,"AvgFlowThroughput, AvgTxPacketsPerFlow, FlowCount, FlowThroughputStd, NormalizedRoutingLoad, TcMessageRate",54,0.8929820179820179,0.9519732889488135,0.6436063936063936,0.889238421418741,0.5399999999999998
Top6_dShift_nonDJ,27,"AvgFlowThroughput, AvgTxPacketsPerFlow, FlowCount, FlowThroughputStd, NormalizedRoutingLoad, TcMessageRate",55,0.8983516483516484,0.9511066480971575,0.6296453546453546,0.8834771771684858,0.5599999999999997
Top6_dShift_nonDJ,27,"AvgFlowThroughput, AvgTxPacketsPerFlow, FlowCount, FlowThroughputStd, NormalizedRoutingLoad, TcMessageRate",56,0.8936063936063936,0.948947530990488,0.6292207792207792,0.8816753027192588,0.5099999999999998
Top6_dShift_nonDJ,27,"AvgFlowThroughput, AvgTxPacketsPerFlow, FlowCount, FlowThroughputStd, NormalizedRoutingLoad, TcMessageRate",57,0.8932317682317682,0.9492364528578316,0.6435064935064935,0.88528013320346,0.5199999999999998
Top6_dShift_nonDJ,27,"AvgFlowThroughput, AvgTxPacketsPerFlow, FlowCount, FlowThroughputStd, NormalizedRoutingLoad, TcMessageRate",58,0.8952297702297702,0.9521173132561744,0.6403346653346653,0.889444553947551,0.5699999999999997
Top6_dShift_nonDJ,27,"AvgFlowThroughput, AvgTxPacketsPerFlow, FlowCount, FlowThroughputStd, NormalizedRoutingLoad, TcMessageRate",59,0.8924825174825175,0.9492347063525884,0.6235264735264735,0.8847408859871396,0.5299999999999998
Top6_dShift_nonDJ,27,"AvgFlowThroughput, AvgTxPacketsPerFlow, FlowCount, FlowThroughputStd, NormalizedRoutingLoad, TcMessageRate",60,0.8897352647352648,0.9483543429597374,0.6365884115884116,0.8787494273957811,0.5999999999999998
Top6_dShift_nonDJ,27,"AvgFlowThroughput, AvgTxPacketsPerFlow, FlowCount, FlowThroughputStd, NormalizedRoutingLoad, TcMessageRate",61,0.8917332667332667,0.9492004623747881,0.6215034965034965,0.8802320556566311,0.46999999999999986
Top6_dShift_nonDJ_nonU4,27,"AvgFlowThroughput, AvgRxPacketsPerFlow, AvgTxPacketsPerFlow, FlowCount, NormalizedRoutingLoad, TcMessageRate",42,0.9018481518481518,0.9558071798331538,0.657892107892108,0.814708394752101,0.5399999999999998
Top6_dShift_nonDJ_nonU4,27,"AvgFlowThroughput, AvgRxPacketsPerFlow, AvgTxPacketsPerFlow, FlowCount, NormalizedRoutingLoad, TcMessageRate",43,0.8993506493506493,0.9566872313500686,0.6679070929070929,0.8455347312527632,0.46999999999999986
Top6_dShift_nonDJ_nonU4,27,"AvgFlowThroughput, AvgRxPacketsPerFlow, AvgTxPacketsPerFlow, FlowCount, NormalizedRoutingLoad, TcMessageRate",44,0.9062187812187812,0.960654230884001,0.6645854145854145,0.833338695520264,0.5599999999999997
Top6_dShift_nonDJ_nonU4,27,"AvgFlowThroughput, AvgRxPacketsPerFlow, AvgTxPacketsPerFlow, FlowCount, NormalizedRoutingLoad, TcMessageRate",45,0.9073426573426573,0.9590908591907593,0.6555194805194805,0.831772334808049,0.47999999999999976
Top6_dShift_nonDJ_nonU4,27,"AvgFlowThroughput, AvgRxPacketsPerFlow, AvgTxPacketsPerFlow, FlowCount, NormalizedRoutingLoad, TcMessageRate",46,0.9047202797202797,0.9592191025757459,0.672077922077922,0.831929910748592,0.5899999999999997
Top6_dShift_nonDJ_nonU4,27,"AvgFlowThroughput, AvgRxPacketsPerFlow, AvgTxPacketsPerFlow, FlowCount, NormalizedRoutingLoad, TcMessageRate",47,0.9038461538461539,0.9606038941078902,0.6338411588411589,0.8197744750254741,0.4199999999999998
Top6_dShift_nonDJ_nonU4,27,"AvgFlowThroughput, AvgRxPacketsPerFlow, AvgTxPacketsPerFlow, FlowCount, NormalizedRoutingLoad, TcMessageRate",48,0.9032217782217782,0.9566357718205869,0.666958041958042,0.8298044550354741,0.5499999999999998
Top6_dShift_nonDJ_nonU4,27,"AvgFlowThroughput, AvgRxPacketsPerFlow, AvgTxPacketsPerFlow, FlowCount, NormalizedRoutingLoad, TcMessageRate",49,0.9044705294705294,0.9583968728574124,0.6593156843156843,0.8221401338421819,0.5099999999999998
Top6_dShift_nonDJ_nonU4,27,"AvgFlowThroughput, AvgRxPacketsPerFlow, AvgTxPacketsPerFlow, FlowCount, NormalizedRoutingLoad, TcMessageRate",50,0.9048451548451548,0.957640511336815,0.6603396603396603,0.8275461064909118,0.4999999999999998
Top6_dShift_nonDJ_nonU4,27,"AvgFlowThroughput, AvgRxPacketsPerFlow, AvgTxPacketsPerFlow, FlowCount, NormalizedRoutingLoad, TcMessageRate",51,0.9052197802197802,0.9593366174285256,0.6505244755244756,0.8238771879968183,0.47999999999999976
Top6_dShift_nonDJ_nonU4,27,"AvgFlowThroughput, AvgRxPacketsPerFlow, AvgTxPacketsPerFlow, FlowCount, NormalizedRoutingLoad, TcMessageRate",52,0.9054695304695305,0.9582614563258919,0.6658091908091908,0.8255924432710147,0.5599999999999997
Top6_dShift_nonDJ_nonU4,27,"AvgFlowThroughput, AvgRxPacketsPerFlow, AvgTxPacketsPerFlow, FlowCount, NormalizedRoutingLoad, TcMessageRate",53,0.9040959040959041,0.9570093991922164,0.6543706293706294,0.8303811660367604,0.5099999999999998
Top6_dShift_nonDJ_nonU4,27,"AvgFlowThroughput, AvgRxPacketsPerFlow, AvgTxPacketsPerFlow, FlowCount, NormalizedRoutingLoad, TcMessageRate",54,0.9037212787212787,0.9591124410055479,0.6873626373626374,0.8412693188429952,0.5599999999999997
Top6_dShift_nonDJ_nonU4,27,"AvgFlowThroughput, AvgRxPacketsPerFlow, AvgTxPacketsPerFlow, FlowCount, NormalizedRoutingLoad, TcMessageRate",55,0.9078421578421578,0.9596058911118852,0.6765734265734266,0.8378474934156752,0.5099999999999998
Top6_dShift_nonDJ_nonU4,27,"AvgFlowThroughput, AvgRxPacketsPerFlow, AvgTxPacketsPerFlow, FlowCount, NormalizedRoutingLoad, TcMessageRate",56,0.9067182817182817,0.9566952777492238,0.6612137862137862,0.8254834613438509,0.5099999999999998
Top6_dShift_nonDJ_nonU4,27,"AvgFlowThroughput, AvgRxPacketsPerFlow, AvgTxPacketsPerFlow, FlowCount, NormalizedRoutingLoad, TcMessageRate",57,0.9068431568431569,0.9572925201671456,0.7068181818181818,0.847859020350279,0.5399999999999998
Top6_dShift_nonDJ_nonU4,27,"AvgFlowThroughput, AvgRxPacketsPerFlow, AvgTxPacketsPerFlow, FlowCount, NormalizedRoutingLoad, TcMessageRate",58,0.9072177822177823,0.9596201126545783,0.6784215784215785,0.8395191920966147,0.5299999999999998
Top6_dShift_nonDJ_nonU4,27,"AvgFlowThroughput, AvgRxPacketsPerFlow, AvgTxPacketsPerFlow, FlowCount, NormalizedRoutingLoad, TcMessageRate",59,0.9057192807192808,0.9569633663040256,0.6735514485514486,0.8354586459993553,0.5899999999999997
Top6_dShift_nonDJ_nonU4,27,"AvgFlowThroughput, AvgRxPacketsPerFlow, AvgTxPacketsPerFlow, FlowCount, NormalizedRoutingLoad, TcMessageRate",60,0.902972027972028,0.9556094504895702,0.6633116883116883,0.8326723064647641,0.5099999999999998
Top6_dShift_nonDJ_nonU4,27,"AvgFlowThroughput, AvgRxPacketsPerFlow, AvgTxPacketsPerFlow, FlowCount, NormalizedRoutingLoad, TcMessageRate",61,0.9018481518481518,0.9565835637888586,0.6724775224775225,0.8238643586683048,0.5799999999999997
Random_minus6_seed1001,27,"AvgRxBytesPerFlow, AvgTxPacketSize, FlowLossRateStd, HnaMessageRate, MidMessageRate, RxTxPacketRatio",42,0.8997252747252747,0.9557187941928201,0.6732517482517483,0.8132004222051674,0.5699999999999997
Random_minus6_seed1001,27,"AvgRxBytesPerFlow, AvgTxPacketSize, FlowLossRateStd, HnaMessageRate, MidMessageRate, RxTxPacketRatio",43,0.9017232767232767,0.95621467693146,0.6881368631368632,0.8481022199578643,0.5099999999999998
Random_minus6_seed1001,27,"AvgRxBytesPerFlow, AvgTxPacketSize, FlowLossRateStd, HnaMessageRate, MidMessageRate, RxTxPacketRatio",44,0.9064685314685315,0.9606863541054349,0.6821178821178822,0.8385758147945961,0.5699999999999997
Random_minus6_seed1001,27,"AvgRxBytesPerFlow, AvgTxPacketSize, FlowLossRateStd, HnaMessageRate, MidMessageRate, RxTxPacketRatio",45,0.9072177822177823,0.9587670695937428,0.6672327672327673,0.8383560445548458,0.5499999999999998
Random_minus6_seed1001,27,"AvgRxBytesPerFlow, AvgTxPacketSize, FlowLossRateStd, HnaMessageRate, MidMessageRate, RxTxPacketRatio",46,0.906968031968032,0.9592991923161753,0.6734515484515484,0.8245487791429349,0.5399999999999998
Random_minus6_seed1001,27,"AvgRxBytesPerFlow, AvgTxPacketSize, FlowLossRateStd, HnaMessageRate, MidMessageRate, RxTxPacketRatio",47,0.9052197802197802,0.9602632632103163,0.6398851148851149,0.8235374565494447,0.43999999999999984
Random_minus6_seed1001,27,"AvgRxBytesPerFlow, AvgTxPacketSize, FlowLossRateStd, HnaMessageRate, MidMessageRate, RxTxPacketRatio",48,0.900974025974026,0.9561621570237955,0.6588661338661339,0.8254619007366261,0.46999999999999986
Random_minus6_seed1001,27,"AvgRxBytesPerFlow, AvgTxPacketSize, FlowLossRateStd, HnaMessageRate, MidMessageRate, RxTxPacketRatio",49,0.9045954045954046,0.9582116185512789,0.6806693306693307,0.8419488478554413,0.5399999999999998
Random_minus6_seed1001,27,"AvgRxBytesPerFlow, AvgTxPacketSize, FlowLossRateStd, HnaMessageRate, MidMessageRate, RxTxPacketRatio",50,0.9024725274725275,0.9570224979815389,0.6868631368631368,0.8319257565611211,0.5799999999999997
Random_minus6_seed1001,27,"AvgRxBytesPerFlow, AvgTxPacketSize, FlowLossRateStd, HnaMessageRate, MidMessageRate, RxTxPacketRatio",51,0.9058441558441559,0.9592454872799528,0.6646853146853147,0.8334433473619288,0.5299999999999998
Random_minus6_seed1001,27,"AvgRxBytesPerFlow, AvgTxPacketSize, FlowLossRateStd, HnaMessageRate, MidMessageRate, RxTxPacketRatio",52,0.9063436563436563,0.9582870301526645,0.650074925074925,0.8293331818032117,0.5099999999999998
Random_minus6_seed1001,27,"AvgRxBytesPerFlow, AvgTxPacketSize, FlowLossRateStd, HnaMessageRate, MidMessageRate, RxTxPacketRatio",53,0.9044705294705294,0.9567894642819719,0.665984015984016,0.8331873408808974,0.5199999999999998
Random_minus6_seed1001,27,"AvgRxBytesPerFlow, AvgTxPacketSize, FlowLossRateStd, HnaMessageRate, MidMessageRate, RxTxPacketRatio",54,0.9054695304695305,0.958816158866109,0.6865134865134865,0.8371398219662456,0.5399999999999998
Random_minus6_seed1001,27,"AvgRxBytesPerFlow, AvgTxPacketSize, FlowLossRateStd, HnaMessageRate, MidMessageRate, RxTxPacketRatio",55,0.9093406593406593,0.9601643361633371,0.6795204795204796,0.8503865777080062,0.5099999999999998
Random_minus6_seed1001,27,"AvgRxBytesPerFlow, AvgTxPacketSize, FlowLossRateStd, HnaMessageRate, MidMessageRate, RxTxPacketRatio",56,0.9055944055944056,0.9563249562625186,0.6593156843156843,0.8339868273584558,0.4999999999999998
Random_minus6_seed1001,27,"AvgRxBytesPerFlow, AvgTxPacketSize, FlowLossRateStd, HnaMessageRate, MidMessageRate, RxTxPacketRatio",57,0.9038461538461539,0.9571411979628762,0.7361138861138861,0.8449202408480629,0.6399999999999997
Random_minus6_seed1001,27,"AvgRxBytesPerFlow, AvgTxPacketSize, FlowLossRateStd, HnaMessageRate, MidMessageRate, RxTxPacketRatio",58,0.9078421578421578,0.9594477700122056,0.6819180819180819,0.8438488160191457,0.5299999999999998
Random_minus6_seed1001,27,"AvgRxBytesPerFlow, AvgTxPacketSize, FlowLossRateStd, HnaMessageRate, MidMessageRate, RxTxPacketRatio",59,0.903096903096903,0.957278922376325,0.6782717282717283,0.8413795046112729,0.5999999999999998
Random_minus6_seed1001,27,"AvgRxBytesPerFlow, AvgTxPacketSize, FlowLossRateStd, HnaMessageRate, MidMessageRate, RxTxPacketRatio",60,0.9015984015984015,0.9557007677637048,0.6589660339660339,0.8247238089083744,0.5299999999999998
Random_minus6_seed1001,27,"AvgRxBytesPerFlow, AvgTxPacketSize, FlowLossRateStd, HnaMessageRate, MidMessageRate, RxTxPacketRatio",61,0.9032217782217782,0.9565349111428032,0.6703296703296703,0.8371032588789832,0.5099999999999998
Random_minus6_seed2002,27,"AvgFlowThroughput, AvgRxPacketsPerFlow, HnaMessageRate, MidMessageRate, RxTxPacketRatio, TcMessageRate",42,0.9007242757242757,0.9554923722631015,0.6695304695304696,0.8269544541372713,0.5099999999999998
Random_minus6_seed2002,27,"AvgFlowThroughput, AvgRxPacketsPerFlow, HnaMessageRate, MidMessageRate, RxTxPacketRatio, TcMessageRate",43,0.9018481518481518,0.9569944291472763,0.6917582417582417,0.8450170708412466,0.5499999999999998
Random_minus6_seed2002,27,"AvgFlowThroughput, AvgRxPacketsPerFlow, HnaMessageRate, MidMessageRate, RxTxPacketRatio, TcMessageRate",44,0.9064685314685315,0.9605400219161458,0.6666333666333666,0.8339243972810406,0.5499999999999998
Random_minus6_seed2002,27,"AvgFlowThroughput, AvgRxPacketsPerFlow, HnaMessageRate, MidMessageRate, RxTxPacketRatio, TcMessageRate",45,0.9070929070929071,0.9583151613621144,0.6787712287712288,0.8459702809677835,0.5099999999999998
Random_minus6_seed2002,27,"AvgFlowThroughput, AvgRxPacketsPerFlow, HnaMessageRate, MidMessageRate, RxTxPacketRatio, TcMessageRate",46,0.9063436563436563,0.9590160089660589,0.6687812187812188,0.8350875722678919,0.5299999999999998
Random_minus6_seed2002,27,"AvgFlowThroughput, AvgRxPacketsPerFlow, HnaMessageRate, MidMessageRate, RxTxPacketRatio, TcMessageRate",47,0.9062187812187812,0.9596347708235821,0.6523726273726274,0.8347918016049884,0.48999999999999977
Random_minus6_seed2002,27,"AvgFlowThroughput, AvgRxPacketsPerFlow, HnaMessageRate, MidMessageRate, RxTxPacketRatio, TcMessageRate",48,0.9003496503496503,0.9563740455348848,0.6679070929070929,0.8423594674556213,0.48999999999999977
Random_minus6_seed2002,27,"AvgFlowThroughput, AvgRxPacketsPerFlow, HnaMessageRate, MidMessageRate, RxTxPacketRatio, TcMessageRate",49,0.9038461538461539,0.95878528314842,0.6672577422577423,0.8308650640069222,0.5499999999999998
Random_minus6_seed2002,27,"AvgFlowThroughput, AvgRxPacketsPerFlow, HnaMessageRate, MidMessageRate, RxTxPacketRatio, TcMessageRate",50,0.9034715284715285,0.9573336877907308,0.6650599400599401,0.8273767840551056,0.4999999999999998
Random_minus6_seed2002,27,"AvgFlowThroughput, AvgRxPacketsPerFlow, HnaMessageRate, MidMessageRate, RxTxPacketRatio, TcMessageRate",51,0.9059690309690309,0.959768066598736,0.6534215784215784,0.8336938236588587,0.5199999999999998
Random_minus6_seed2002,27,"AvgFlowThroughput, AvgRxPacketsPerFlow, HnaMessageRate, MidMessageRate, RxTxPacketRatio, TcMessageRate",52,0.9043456543456544,0.9582701264769196,0.6538961038961039,0.8275629714940405,0.5299999999999998
Random_minus6_seed2002,27,"AvgFlowThroughput, AvgRxPacketsPerFlow, HnaMessageRate, MidMessageRate, RxTxPacketRatio, TcMessageRate",53,0.9042207792207793,0.9563681822672833,0.6495754245754246,0.8390174610604181,0.46999999999999986
Random_minus6_seed2002,27,"AvgFlowThroughput, AvgRxPacketsPerFlow, HnaMessageRate, MidMessageRate, RxTxPacketRatio, TcMessageRate",54,0.9037212787212787,0.9588958119802274,0.6914085914085915,0.8401926295482738,0.5299999999999998
Random_minus6_seed2002,27,"AvgFlowThroughput, AvgRxPacketsPerFlow, HnaMessageRate, MidMessageRate, RxTxPacketRatio, TcMessageRate",55,0.9095904095904096,0.9593346214225336,0.6723026973026973,0.8335752658929483,0.5299999999999998
Random_minus6_seed2002,27,"AvgFlowThroughput, AvgRxPacketsPerFlow, HnaMessageRate, MidMessageRate, RxTxPacketRatio, TcMessageRate",56,0.9050949050949051,0.9569094741422415,0.6746003996003996,0.8352780910398292,0.4999999999999998
Random_minus6_seed2002,27,"AvgFlowThroughput, AvgRxPacketsPerFlow, HnaMessageRate, MidMessageRate, RxTxPacketRatio, TcMessageRate",57,0.9055944055944056,0.9574178319183313,0.7227022977022977,0.8439811998690621,0.5499999999999998
Random_minus6_seed2002,27,"AvgFlowThroughput, AvgRxPacketsPerFlow, HnaMessageRate, MidMessageRate, RxTxPacketRatio, TcMessageRate",58,0.9080919080919081,0.9597346958735571,0.6852147852147852,0.846542984987041,0.5599999999999997
Random_minus6_seed2002,27,"AvgFlowThroughput, AvgRxPacketsPerFlow, HnaMessageRate, MidMessageRate, RxTxPacketRatio, TcMessageRate",59,0.9054695304695305,0.9569725354565515,0.6655344655344655,0.8370959884271573,0.5699999999999997
Random_minus6_seed2002,27,"AvgFlowThroughput, AvgRxPacketsPerFlow, HnaMessageRate, MidMessageRate, RxTxPacketRatio, TcMessageRate",60,0.900974025974026,0.9552680087145622,0.6764985014985015,0.8307484847819513,0.5699999999999997
Random_minus6_seed2002,27,"AvgFlowThroughput, AvgRxPacketsPerFlow, HnaMessageRate, MidMessageRate, RxTxPacketRatio, TcMessageRate",61,0.9022227772227772,0.9569065425084405,0.6645854145854145,0.8237601634130105,0.5299999999999998
Random_minus6_seed3003,27,"AvgFlowLossRate, AvgRxBytesPerFlow, FlowCount, PacketLossRatio, RxTxPacketRatio, Throughput",42,0.9005994005994006,0.9554604985424164,0.6525724275724276,0.8099870958212616,0.46999999999999986
Random_minus6_seed3003,27,"AvgFlowLossRate, AvgRxBytesPerFlow, FlowCount, PacketLossRatio, RxTxPacketRatio, Throughput",43,0.9024725274725275,0.9569124057760422,0.6667582417582417,0.8445683961393253,0.48999999999999977
Random_minus6_seed3003,27,"AvgFlowLossRate, AvgRxBytesPerFlow, FlowCount, PacketLossRatio, RxTxPacketRatio, Throughput",44,0.9050949050949051,0.9606793057092757,0.6874875124875125,0.844750429390789,0.5199999999999998
Random_minus6_seed3003,27,"AvgFlowLossRate, AvgRxBytesPerFlow, FlowCount, PacketLossRatio, RxTxPacketRatio, Throughput",45,0.906093906093906,0.9585750163921991,0.6817182817182817,0.8405845627898575,0.5399999999999998
Random_minus6_seed3003,27,"AvgFlowLossRate, AvgRxBytesPerFlow, FlowCount, PacketLossRatio, RxTxPacketRatio, Throughput",46,0.9072177822177823,0.959106016361261,0.6775474525474525,0.8338457721100079,0.5199999999999998
Random_minus6_seed3003,27,"AvgFlowLossRate, AvgRxBytesPerFlow, FlowCount, PacketLossRatio, RxTxPacketRatio, Throughput",47,0.903971028971029,0.9604839466228079,0.6682567432567432,0.8227267250731286,0.5999999999999998
Random_minus6_seed3003,27,"AvgFlowLossRate, AvgRxBytesPerFlow, FlowCount, PacketLossRatio, RxTxPacketRatio, Throughput",48,0.901973026973027,0.956337743175905,0.6747502497502498,0.839811436066431,0.47999999999999976
Random_minus6_seed3003,27,"AvgFlowLossRate, AvgRxBytesPerFlow, FlowCount, PacketLossRatio, RxTxPacketRatio, Throughput",49,0.903971028971029,0.9580357205232329,0.6765484515484516,0.8309077710501287,0.5299999999999998
Random_minus6_seed3003,27,"AvgFlowLossRate, AvgRxBytesPerFlow, FlowCount, PacketLossRatio, RxTxPacketRatio, Throughput",50,0.9045954045954046,0.9569525753966314,0.6781968031968032,0.8362223852571005,0.5399999999999998
Random_minus6_seed3003,27,"AvgFlowLossRate, AvgRxBytesPerFlow, FlowCount, PacketLossRatio, RxTxPacketRatio, Throughput",51,0.9048451548451548,0.9593651228890989,0.663911088911089,0.8323140171516794,0.5299999999999998
Random_minus6_seed3003,27,"AvgFlowLossRate, AvgRxBytesPerFlow, FlowCount, PacketLossRatio, RxTxPacketRatio, Throughput",52,0.9064685314685315,0.9582011395198208,0.6561938061938062,0.835811029629711,0.48999999999999977
Random_minus6_seed3003,27,"AvgFlowLossRate, AvgRxBytesPerFlow, FlowCount, PacketLossRatio, RxTxPacketRatio, Throughput",53,0.9042207792207793,0.9571120063752431,0.6484015984015984,0.8282077450521506,0.4999999999999998
Random_minus6_seed3003,27,"AvgFlowLossRate, AvgRxBytesPerFlow, FlowCount, PacketLossRatio, RxTxPacketRatio, Throughput",54,0.9033466533466533,0.9591338356947747,0.6717782217782218,0.8365286623965444,0.4999999999999998
Random_minus6_seed3003,27,"AvgFlowLossRate, AvgRxBytesPerFlow, FlowCount, PacketLossRatio, RxTxPacketRatio, Throughput",55,0.9082167832167832,0.9594085983946123,0.6925574425574426,0.8383223632012343,0.5799999999999997
Random_minus6_seed3003,27,"AvgFlowLossRate, AvgRxBytesPerFlow, FlowCount, PacketLossRatio, RxTxPacketRatio, Throughput",56,0.9054695304695305,0.9562730601067264,0.6765984015984016,0.8321752123999876,0.5299999999999998
Random_minus6_seed3003,27,"AvgFlowLossRate, AvgRxBytesPerFlow, FlowCount, PacketLossRatio, RxTxPacketRatio, Throughput",57,0.9053446553446554,0.9573774127969932,0.700999000999001,0.8362375149825201,0.5599999999999997
Random_minus6_seed3003,27,"AvgFlowLossRate, AvgRxBytesPerFlow, FlowCount, PacketLossRatio, RxTxPacketRatio, Throughput",58,0.9082167832167832,0.9599883133849166,0.6878371628371628,0.8466597363675286,0.5199999999999998
Random_minus6_seed3003,27,"AvgFlowLossRate, AvgRxBytesPerFlow, FlowCount, PacketLossRatio, RxTxPacketRatio, Throughput",59,0.9034715284715285,0.9570642893569966,0.6716783216783216,0.8377106185522769,0.5199999999999998
Random_minus6_seed3003,27,"AvgFlowLossRate, AvgRxBytesPerFlow, FlowCount, PacketLossRatio, RxTxPacketRatio, Throughput",60,0.9014735264735265,0.9560233098569761,0.6671578421578421,0.8302772726773726,0.5199999999999998
Random_minus6_seed3003,27,"AvgFlowLossRate, AvgRxBytesPerFlow, FlowCount, PacketLossRatio, RxTxPacketRatio, Throughput",61,0.902972027972028,0.9569493942620817,0.6707792207792208,0.8328740265728278,0.5299999999999998
Random_minus6_seed4004,27,"AverageHopCount, AvgRxBytesPerFlow, AvgTxPacketSize, HnaMessageRate, RoutingOverheadRatio, TcMessageRate",42,0.8994755244755245,0.9555178837146869,0.6588911088911089,0.8095441596365673,0.6199999999999998
Random_minus6_seed4004,27,"AverageHopCount, AvgRxBytesPerFlow, AvgTxPacketSize, HnaMessageRate, RoutingOverheadRatio, TcMessageRate",43,0.9015984015984015,0.956658663514308,0.6577422577422577,0.8284532899667765,0.5199999999999998
Random_minus6_seed4004,27,"AverageHopCount, AvgRxBytesPerFlow, AvgTxPacketSize, HnaMessageRate, RoutingOverheadRatio, TcMessageRate",44,0.9048451548451548,0.960574702520257,0.6496253746253746,0.8318353349946757,0.5799999999999997
Random_minus6_seed4004,27,"AverageHopCount, AvgRxBytesPerFlow, AvgTxPacketSize, HnaMessageRate, RoutingOverheadRatio, TcMessageRate",45,0.9047202797202797,0.9585790707793704,0.6611138861138861,0.8356816784613987,0.5799999999999997
Random_minus6_seed4004,27,"AverageHopCount, AvgRxBytesPerFlow, AvgTxPacketSize, HnaMessageRate, RoutingOverheadRatio, TcMessageRate",46,0.9059690309690309,0.9589278728264743,0.640984015984016,0.823147524303868,0.5299999999999998
Random_minus6_seed4004,27,"AverageHopCount, AvgRxBytesPerFlow, AvgTxPacketSize, HnaMessageRate, RoutingOverheadRatio, TcMessageRate",47,0.9050949050949051,0.9600263622491396,0.630969030969031,0.8172908036019925,0.45999999999999985
Random_minus6_seed4004,27,"AverageHopCount, AvgRxBytesPerFlow, AvgTxPacketSize, HnaMessageRate, RoutingOverheadRatio, TcMessageRate",48,0.9027222777222778,0.9560959769501228,0.6459290709290709,0.8194427799972255,0.5099999999999998
Random_minus6_seed4004,27,"AverageHopCount, AvgRxBytesPerFlow, AvgTxPacketSize, HnaMessageRate, RoutingOverheadRatio, TcMessageRate",49,0.9033466533466533,0.9581134400065469,0.6546703296703297,0.8215725308657377,0.5299999999999998
Random_minus6_seed4004,27,"AverageHopCount, AvgRxBytesPerFlow, AvgTxPacketSize, HnaMessageRate, RoutingOverheadRatio, TcMessageRate",50,0.9034715284715285,0.9572585256900941,0.6458291708291708,0.8165323712251784,0.48999999999999977
Random_minus6_seed4004,27,"AverageHopCount, AvgRxBytesPerFlow, AvgTxPacketSize, HnaMessageRate, RoutingOverheadRatio, TcMessageRate",51,0.90497002997003,0.9596148107636617,0.6397352647352648,0.8202766164904027,0.5399999999999998
Random_minus6_seed4004,27,"AverageHopCount, AvgRxBytesPerFlow, AvgTxPacketSize, HnaMessageRate, RoutingOverheadRatio, TcMessageRate",52,0.9055944055944056,0.9581257279184352,0.6356143856143857,0.8176978865290554,0.5199999999999998
Random_minus6_seed4004,27,"AverageHopCount, AvgRxBytesPerFlow, AvgTxPacketSize, HnaMessageRate, RoutingOverheadRatio, TcMessageRate",53,0.9032217782217782,0.9565673462401734,0.6307942057942058,0.8189899049501947,0.47999999999999976
Random_minus6_seed4004,27,"AverageHopCount, AvgRxBytesPerFlow, AvgTxPacketSize, HnaMessageRate, RoutingOverheadRatio, TcMessageRate",54,0.9034715284715285,0.9586097593714976,0.6526473526473526,0.8159108798294613,0.5299999999999998
Random_minus6_seed4004,27,"AverageHopCount, AvgRxBytesPerFlow, AvgTxPacketSize, HnaMessageRate, RoutingOverheadRatio, TcMessageRate",55,0.9085914085914086,0.9596294689326658,0.6736013986013986,0.8304307705281732,0.5899999999999997
Random_minus6_seed4004,27,"AverageHopCount, AvgRxBytesPerFlow, AvgTxPacketSize, HnaMessageRate, RoutingOverheadRatio, TcMessageRate",56,0.9047202797202797,0.9559347994662679,0.6546953046953047,0.8299806836520123,0.48999999999999977
Random_minus6_seed4004,27,"AverageHopCount, AvgRxBytesPerFlow, AvgTxPacketSize, HnaMessageRate, RoutingOverheadRatio, TcMessageRate",57,0.903971028971029,0.9565491326854964,0.695054945054945,0.8433909858872397,0.5099999999999998
Random_minus6_seed4004,27,"AverageHopCount, AvgRxBytesPerFlow, AvgTxPacketSize, HnaMessageRate, RoutingOverheadRatio, TcMessageRate",58,0.906093906093906,0.9596022733510247,0.6584415584415585,0.8295331491685137,0.5099999999999998
Random_minus6_seed4004,27,"AverageHopCount, AvgRxBytesPerFlow, AvgTxPacketSize, HnaMessageRate, RoutingOverheadRatio, TcMessageRate",59,0.9033466533466533,0.9562698165969894,0.6556193806193806,0.8278388868873385,0.5799999999999997
Random_minus6_seed4004,27,"AverageHopCount, AvgRxBytesPerFlow, AvgTxPacketSize, HnaMessageRate, RoutingOverheadRatio, TcMessageRate",60,0.9004745254745254,0.9559894401302993,0.6587162837162838,0.8283180992334338,0.5599999999999997
Random_minus6_seed4004,27,"AverageHopCount, AvgRxBytesPerFlow, AvgTxPacketSize, HnaMessageRate, RoutingOverheadRatio, TcMessageRate",61,0.9015984015984015,0.95673370086457,0.6575924075924076,0.8227577055811321,0.5799999999999997
