K,method,variant,acc_S_test_mean,auc_S_test_mean,acc_M_test_mean,auc_M_test_mean,acc_SM_mean,auc_SM_mean,acc_MS_mean,auc_MS_mean,asymmetry_mean
1,rf_native,soft,0.8420350482850484,0.8949067275756212,0.8465846653346653,0.8982414033269427,0.8122756410256411,0.885788479003514,0.802588245088245,0.8954858858881711,0.01174700299700295
2,rf_native,soft,0.8422827172827172,0.8977112740115363,0.8724650349650349,0.9267804773689514,0.8011222111222112,0.8673883065818631,0.8278762903762904,0.8657003986897219,0.027389277389277336
3,rf_native,soft,0.842322261072261,0.8971099278260867,0.8729541292041292,0.9273633230738625,0.8068231768231767,0.8712517713305675,0.8276843989343989,0.8670331077305976,0.024815601065601017
4,rf_native,soft,0.8427967865467866,0.8993246175860437,0.8753017815517815,0.9326393813063394,0.8149579587079586,0.8808837635058914,0.8271836496836497,0.8707827396962012,0.018317932067932013
5,rf_native,soft,0.851436063936064,0.9185373260813444,0.8762737262737262,0.9342380173314865,0.8200957375957376,0.876414008631229,0.8217495004995005,0.8631125882109899,0.016282467532467485
6,rf_native,soft,0.8592074592074592,0.9229500597429544,0.8972589910089911,0.9465756853868742,0.8442965367965368,0.8930979585058632,0.8407042957042957,0.8812250704257448,0.01276223776223772
7,rf_native,soft,0.8592261904761905,0.9236897707271083,0.8975503663003663,0.9466907899584598,0.8469759407259407,0.8947744438170888,0.8409665334665335,0.8806673758725457,0.014815601065601028
8,rf_native,soft,0.8592865467865468,0.9243632501780604,0.8976481851481851,0.9469498044828963,0.8494363969363969,0.8954558208192074,0.8421574259074259,0.8817946686180952,0.012774309024308978
9,rf_native,soft,0.8663752913752915,0.9300215622705633,0.8978459040959041,0.946944023862418,0.8152564102564103,0.8776355435897768,0.8421682484182483,0.8832132214688407,0.02691183816183811
10,rf_native,soft,0.8735368797868798,0.9369207840111935,0.9064206626706627,0.953949663910016,0.8178379953379954,0.881141826372096,0.8441983016983018,0.8868773883251281,0.026360306360306302
11,rf_native,soft,0.881143856143856,0.9418817181195428,0.9064102564102564,0.9546489443373808,0.7075141525141525,0.8423202713245795,0.8444992507492507,0.8901669099506887,0.1369850982350982
12,rf_native,soft,0.8856476856476857,0.9454649943379962,0.9070658508158509,0.9558457526489494,0.7214922577422578,0.8422506313408537,0.8431988844488845,0.8853789179102615,0.12170662670662667
13,rf_native,soft,0.885716366966367,0.9455442425331911,0.9070075757575758,0.9558674415411429,0.7248168498168498,0.8432742015934448,0.8432867132867132,0.8851978732639321,0.11846986346986343
14,rf_native,soft,0.9003434065934067,0.9552758269244906,0.9074654512154511,0.9565586230702364,0.6972498334998335,0.8201543617887275,0.8417923742923743,0.8863420931590887,0.14454254079254078
15,rf_native,soft,0.9001123876123877,0.9551026650879922,0.9077068764568764,0.9568467382184913,0.698952713952714,0.8227528755377157,0.8420487845487846,0.8867491656071201,0.14309607059607057
16,rf_native,soft,0.904647435897436,0.9581007087110359,0.9084228271728273,0.9574831408185555,0.6947660672660673,0.8295136459236735,0.843188061938062,0.8899775320417178,0.14842199467199466
17,rf_native,soft,0.9042624042624042,0.9579117971397567,0.9083749583749583,0.957824201065335,0.662807609057609,0.8099213994463744,0.8439085914085914,0.8908623941617823,0.1811009823509823
18,rf_native,soft,0.9039065101565101,0.957627132378943,0.9088182650682649,0.9582086552100914,0.6609032634032634,0.807366279283487,0.8451848151848153,0.8915377770539484,0.18428155178155173
19,rf_native,soft,0.9039460539460539,0.9576050526022429,0.9087246087246088,0.9586652847236014,0.6669934232434233,0.8229172330333668,0.8466941391941392,0.8931575465826215,0.1797007159507159
20,rf_native,soft,0.9045267232767232,0.9577892460103999,0.9097360972360972,0.9599066975315727,0.6851411088911089,0.8362511022735174,0.8476053113553114,0.8962951331469063,0.1624642024642024
21,rf_native,soft,0.9040667665667664,0.9576770694340624,0.9096570096570096,0.959831530752797,0.6952772227772228,0.8401167128326219,0.847036297036297,0.8966303806291943,0.15175907425907423
22,rf_native,soft,0.9044642857142856,0.9577755141129266,0.9102355977355977,0.9603298877071978,0.6842907092907092,0.8357116132078045,0.8481131368631368,0.8971447248846726,0.16382242757242754
23,rf_native,soft,0.9041271228771229,0.9575839131314905,0.9102147852147852,0.9602026724732143,0.6817291042291043,0.8338726165401366,0.8477097902097902,0.8965544857032745,0.16598068598068594
24,rf_native,soft,0.9037774725274725,0.9575585773700159,0.9109744422244422,0.9604908021756797,0.6831031468531469,0.8367541266384299,0.8482800532800533,0.8973847448547124,0.16517690642690638
25,rf_native,soft,0.9040438727938728,0.9575326360494317,0.9106872294372295,0.9608133281553611,0.6835893273393273,0.8377074386860226,0.8483175158175159,0.8973850538613899,0.16472818847818846
26,rf_native,soft,0.9037795537795539,0.9575711230993448,0.9119359806859806,0.9621731514198423,0.6822394272394273,0.8386927244625172,0.8462042124542125,0.8955549312492369,0.1639647852147852
27,rf_native,soft,0.9037962037962037,0.9575837577133157,0.9117195304695306,0.9621681187818175,0.6829033466533466,0.839119299469262,0.8461505161505162,0.8954930379310998,0.16324716949716944
28,rf_native,soft,0.9040272227772227,0.9575205924403601,0.9119484681984682,0.96215515929708,0.6806938894438894,0.8389999647788109,0.8463540626040627,0.8955977026428449,0.16566017316017312
29,rf_native,soft,0.9034652847152848,0.9576033596357023,0.9121087246087246,0.9622454666129742,0.6824113386613386,0.8396758127611649,0.8461138861138862,0.8952500175898028,0.16370254745254742
30,rf_native,soft,0.9039897602397602,0.9575904937137455,0.9122377622377623,0.9622108125183174,0.6818593906093907,0.8403775303742211,0.8464518814518814,0.8954385417903774,0.1645924908424908
31,rf_native,soft,0.9040480352980355,0.9575973165196442,0.9118777056277056,0.9622199026622728,0.6790984015984017,0.8392032359498643,0.8462749750249751,0.8952466999367599,0.1671765734265734
32,rf_native,soft,0.9040521978021978,0.9576088886762588,0.9120192307692307,0.9622192570790847,0.6806543456543457,0.839084604040648,0.8462475024975026,0.8952697781738741,0.16559315684315679
33,rf_native,soft,0.9039294039294039,0.9576355405541844,0.911865218115218,0.9622231524095285,0.6802281052281053,0.8391533205805183,0.8462204462204461,0.8952290609823077,0.16599234099234098
1,rf_native,strict,,,,,,,,,
2,rf_native,strict,,,,,,,,,
3,rf_native,strict,,,,,,,,,
4,rf_native,strict,,,,,,,,,
5,rf_native,strict,0.8058025308025307,0.8654880043366556,0.8667291042291042,0.9168826220399647,0.8420700133200133,0.9166046968349666,0.7846794871794872,0.8561303685491998,0.05739052614052611
6,rf_native,strict,0.8058025308025307,0.8654880043366556,0.8667291042291042,0.9168826220399647,0.8420700133200133,0.9166046968349666,0.7846794871794872,0.8561303685491998,0.05739052614052611
7,rf_native,strict,0.8058025308025307,0.8654880043366556,0.8667291042291042,0.9168826220399647,0.8420700133200133,0.9166046968349666,0.7846794871794872,0.8561303685491998,0.05739052614052611
8,rf_native,strict,0.8528138528138528,0.9043904896302499,0.8965367965367966,0.9453950228925255,0.845653096903097,0.8997227012290074,0.8437787212787212,0.887047435622985,0.011918498168498113
9,rf_native,strict,0.8528138528138528,0.9043904896302499,0.8965367965367966,0.9453950228925255,0.845653096903097,0.8997227012290074,0.8437787212787212,0.887047435622985,0.011918498168498113
10,rf_native,strict,0.8528138528138528,0.9043904896302499,0.8965367965367966,0.9453950228925255,0.845653096903097,0.8997227012290074,0.8437787212787212,0.887047435622985,0.011918498168498113
11,rf_native,strict,0.8581376956376957,0.9206372506946933,0.8967678155178155,0.9456604807738049,0.8507517482517483,0.8999355732720492,0.8442199467199467,0.8854586770621985,0.012936230436230392
12,rf_native,strict,0.8581376956376957,0.9206372506946933,0.8967678155178155,0.9456604807738049,0.8507517482517483,0.8999355732720492,0.8442199467199467,0.8854586770621985,0.012936230436230392
13,rf_native,strict,0.8657946220446221,0.9316736579895296,0.9055631868131867,0.9531414571733627,0.8549546287046287,0.8957600768570423,0.8459099234099234,0.886905401104889,0.010635614385614339
14,rf_native,strict,0.8660714285714285,0.931991754811123,0.9065288877788878,0.9539396682862592,0.8566595904095905,0.8969538675610105,0.8445475357975357,0.8854098172057712,0.01337329337329332
15,rf_native,strict,0.8660714285714285,0.931991754811123,0.9065288877788878,0.9539396682862592,0.8566595904095905,0.8969538675610105,0.8445475357975357,0.8854098172057712,0.01337329337329332
16,rf_native,strict,0.8748418248418247,0.9393782057727488,0.9073697136197136,0.955386006975043,0.8456306193806192,0.8864282847522108,0.8428812853812854,0.8793423628693983,0.007263153513153448
17,rf_native,strict,0.8815954878454879,0.9434383907176739,0.9074508824508825,0.9553215442981927,0.8150203962703962,0.873156509636717,0.8428904428904428,0.8804602028424456,0.02787004662004658
18,rf_native,strict,0.8836892274392274,0.9461965378111731,0.9075341325341325,0.955938729622858,0.8027643190143191,0.8681957268297803,0.8429582917082917,0.8799890002812706,0.04019397269397266
19,rf_native,strict,0.8836892274392274,0.9461965378111731,0.9075341325341325,0.955938729622858,0.8027643190143191,0.8681957268297803,0.8429582917082917,0.8799890002812706,0.04019397269397266
20,rf_native,strict,0.8838952713952715,0.9474583104000561,0.9087037962037963,0.9585208617348352,0.8044451381951383,0.8678960783638606,0.8445566933066933,0.8893496672325343,0.04011155511155506
21,rf_native,strict,0.8838952713952715,0.9474583104000561,0.9087037962037963,0.9585208617348352,0.8044451381951383,0.8678960783638606,0.8445566933066933,0.8893496672325343,0.04011155511155506
22,rf_native,strict,0.883735014985015,0.9475441038315663,0.909544622044622,0.9593759995623756,0.7965854978354979,0.8702568711050854,0.8458225108225109,0.8898755733319295,0.04923701298701294
23,rf_native,strict,0.8952797202797202,0.9539990978052916,0.9100129037629037,0.9600012843051055,0.6802634865134864,0.8243913175984855,0.8476615051615052,0.8946296272408909,0.16739801864801862
24,rf_native,strict,0.904293623043623,0.9576642513330825,0.9101252913752914,0.9602710855785905,0.6756560106560107,0.8311056296766837,0.8477880452880453,0.8962925615634781,0.1721320346320346
25,rf_native,strict,0.9040438727938728,0.9575326360494317,0.9106872294372295,0.9608133281553611,0.6835893273393273,0.8377074386860226,0.8483175158175159,0.8973850538613899,0.16472818847818846
26,rf_native,strict,0.9040438727938728,0.9575326360494317,0.9106872294372295,0.9608133281553611,0.6835893273393273,0.8377074386860226,0.8483175158175159,0.8973850538613899,0.16472818847818846
27,rf_native,strict,0.9040438727938728,0.9575326360494317,0.9106872294372295,0.9608133281553611,0.6835893273393273,0.8377074386860226,0.8483175158175159,0.8973850538613899,0.16472818847818846
28,rf_native,strict,0.9037962037962037,0.9575837577133157,0.9117195304695306,0.9621681187818175,0.6829033466533466,0.839119299469262,0.8461505161505162,0.8954930379310998,0.16324716949716944
29,rf_native,strict,0.9040272227772227,0.9575205924403601,0.9119484681984682,0.96215515929708,0.6806938894438894,0.8389999647788109,0.8463540626040627,0.8955977026428449,0.16566017316017312
30,rf_native,strict,0.9034652847152848,0.9576033596357023,0.9121087246087246,0.9622454666129742,0.6824113386613386,0.8396758127611649,0.8461138861138862,0.8952500175898028,0.16370254745254742
31,rf_native,strict,0.9040480352980355,0.9575973165196442,0.9118777056277056,0.9622199026622728,0.6790984015984017,0.8392032359498643,0.8462749750249751,0.8952466999367599,0.1671765734265734
32,rf_native,strict,0.9040521978021978,0.9576088886762588,0.9120192307692307,0.9622192570790847,0.6806543456543457,0.839084604040648,0.8462475024975026,0.8952697781738741,0.16559315684315679
33,rf_native,strict,0.9039294039294039,0.9576355405541844,0.911865218115218,0.9622231524095285,0.6802281052281053,0.8391533205805183,0.8462204462204461,0.8952290609823077,0.16599234099234098
1,xgb_gain,soft,0.7962995337995338,0.862167037092112,0.8651161338661338,0.9196570953189335,0.8201219613719614,0.919845009781261,0.7602131202131202,0.8487602575371681,0.05990884115884112
2,xgb_gain,soft,0.8095820845820846,0.8926092212399656,0.8648955211455212,0.9214688923089897,0.7801431901431902,0.9134542903400296,0.7580007492507493,0.8093035538387686,0.02259032634032629
3,xgb_gain,soft,0.8138444888444889,0.8965875538256283,0.8704129204129204,0.9238689606056614,0.8099442224442225,0.9155039164756323,0.778979353979354,0.8238689777588379,0.03096486846486841
4,xgb_gain,soft,0.8546578421578421,0.9256817166142216,0.8761842324342325,0.9339574968820723,0.8184478021978022,0.8701444872144174,0.8168756243756244,0.8511613193042389,0.015260156510156457
5,xgb_gain,soft,0.8545600233100233,0.9257252628116138,0.8758720446220446,0.9343762594589893,0.8168985181485181,0.8699748740894471,0.8181202131202131,0.8527446789391094,0.014136280386280328
6,xgb_gain,soft,0.8624729437229437,0.9319430564232637,0.8767815517815518,0.9350723364006956,0.7761097236097236,0.8431462658428818,0.817972027972028,0.8585609790018506,0.041945554445554395
7,xgb_gain,soft,0.8690101565101566,0.9353613279203313,0.8981705794205794,0.9470407111203816,0.8036055611055611,0.8692925335986025,0.8391133866133865,0.8773280183020443,0.035507825507825476
8,xgb_gain,soft,0.8688811188811189,0.9353640214888342,0.8981601731601732,0.9470428495497177,0.8059885947385949,0.8710898278378298,0.83885989010989,0.8769958170991513,0.03287129537129533
9,xgb_gain,soft,0.8794517982017981,0.9441383068521555,0.8989885114885116,0.9480462828255661,0.8008895271395272,0.8702164276366324,0.8382883782883783,0.8802884824757328,0.037398851148851116
10,xgb_gain,soft,0.8913461538461539,0.948537983827694,0.8989510489510489,0.9490584808548096,0.6679166666666667,0.8021340903518727,0.8407238594738594,0.8878603731849237,0.17280719280719278
11,xgb_gain,soft,0.8982954545454546,0.952827282711461,0.8999438061938062,0.9505240861993484,0.6587108724608725,0.8180663910681393,0.8404570429570429,0.8892884235519726,0.18174617049617048
12,xgb_gain,soft,0.9021957209457209,0.9565957555389998,0.9080440392940393,0.9568276711633356,0.6734182484182485,0.8289328761273692,0.8408087745587746,0.8917376758065444,0.1673905261405261
13,xgb_gain,soft,0.9017649017649018,0.9565383053925762,0.9095425407925409,0.9586492823693123,0.6609894272394272,0.8260298547190406,0.8471803196803197,0.8978859247229627,0.18619089244089237
14,xgb_gain,soft,0.902568265068265,0.9568556048513591,0.909750666000666,0.959176761778847,0.6844209956709957,0.8382414100842549,0.8489339826839828,0.9003606209807508,0.16451298701298697
15,xgb_gain,soft,0.9024787712287713,0.9568968431668233,0.9106705794205795,0.9597675961858654,0.6995142357642358,0.8518642024600441,0.8502967865467865,0.9016556472165863,0.15078255078255073
16,xgb_gain,soft,0.9027680652680653,0.9569657875008774,0.9105498667998667,0.959610402397303,0.6988190975690977,0.8548304267119827,0.8501431901431902,0.9016086195065341,0.15132409257409252
17,xgb_gain,soft,0.90259324009324,0.9568128310667022,0.9105831668331668,0.959626054410957,0.6987612387612389,0.8552515230357388,0.850259324009324,0.9014600428916738,0.15149808524808522
18,xgb_gain,soft,0.9025953213453213,0.9569296738268392,0.9119318181818182,0.9615342340601455,0.684995004995005,0.8539803173225377,0.8478533966033965,0.8986047718931086,0.16285839160839158
19,xgb_gain,soft,0.9041958041958043,0.9580499581795161,0.9121753246753247,0.9622257160297245,0.6967357642357642,0.851117532858417,0.8469630369630371,0.8965118037348931,0.15022727272727268
20,xgb_gain,soft,0.9040417915417915,0.9580582998212245,0.9121690809190809,0.9621302643202618,0.6982484182484182,0.8516469007807045,0.8471782384282385,0.8964612237787187,0.14892982017982015
21,xgb_gain,soft,0.9045558608058607,0.9581664360448077,0.9122897935397937,0.9621616504748998,0.7027722277722278,0.8520326182309198,0.8469438894438895,0.896304844610102,0.14417166167166162
22,xgb_gain,soft,0.9046307858807859,0.9581157234581935,0.912210705960706,0.9621132223795185,0.699722360972361,0.8504498477504846,0.8469293206793207,0.8961113205808511,0.14720695970695966
23,xgb_gain,soft,0.9044871794871795,0.9581831998961744,0.9119297369297369,0.9620480798131273,0.7034811022311023,0.8493629947932521,0.8467594905094905,0.8962845244582258,0.14327838827838824
24,xgb_gain,soft,0.9044226606726605,0.9578634620873632,0.9119526307026308,0.9620381678760799,0.6999991674991675,0.8468049663456756,0.8469971694971695,0.8957095325171,0.14699800199800195
25,xgb_gain,soft,0.9042707292707292,0.9578492374259108,0.9120629370629371,0.9620752228956525,0.7033795371295372,0.8481414973429834,0.8472910422910424,0.8961712758187533,0.1439115051615051
26,xgb_gain,soft,0.9040334665334666,0.9578078317370275,0.9124105061605062,0.9624169323641727,0.6840505328005327,0.8399311864875051,0.846991341991342,0.8958915222514748,0.16294080919080914
27,xgb_gain,soft,0.9042374292374293,0.9577932582943197,0.9122918747918748,0.9623697891976488,0.6848126873126873,0.8407034119726428,0.8468535631035631,0.8960133844260967,0.16204087579087575
28,xgb_gain,soft,0.9041187978687978,0.9577886295356325,0.912194055944056,0.962357385891664,0.682234015984016,0.8400993316748187,0.8467211954711954,0.8959442292639096,0.16448717948717947
29,xgb_gain,soft,0.904285298035298,0.9577940837259643,0.9123147685647686,0.9623619190083975,0.6826219613719614,0.8404853351776428,0.8465455377955379,0.8958478399930073,0.1639235764235764
30,xgb_gain,soft,0.9042499167499168,0.9577748612526334,0.9121898934398933,0.9623445823448945,0.6838969363969364,0.8403972738051159,0.8464818514818515,0.8957349992248843,0.16258491508491504
31,xgb_gain,soft,0.9040480352980355,0.9575973165196442,0.9118777056277056,0.9622199026622728,0.6790984015984017,0.8392032359498643,0.8462749750249751,0.8952466999367599,0.1671765734265734
32,xgb_gain,soft,0.9040521978021978,0.9576088886762588,0.9120192307692307,0.9622192570790847,0.6806543456543457,0.839084604040648,0.8462475024975026,0.8952697781738741,0.16559315684315679
33,xgb_gain,soft,0.9039294039294039,0.9576355405541844,0.911865218115218,0.9622231524095285,0.6802281052281053,0.8391533205805183,0.8462204462204461,0.8952290609823077,0.16599234099234098
1,xgb_gain,strict,,,,,,,,,
2,xgb_gain,strict,,,,,,,,,
3,xgb_gain,strict,,,,,,,,,
4,xgb_gain,strict,,,,,,,,,
5,xgb_gain,strict,0.842322261072261,0.8971099278260867,0.8729541292041292,0.9273633230738625,0.8068231768231767,0.8712517713305675,0.8276843989343989,0.8670331077305976,0.024815601065601017
6,xgb_gain,strict,0.842322261072261,0.8971099278260867,0.8729541292041292,0.9273633230738625,0.8068231768231767,0.8712517713305675,0.8276843989343989,0.8670331077305976,0.024815601065601017
7,xgb_gain,strict,0.842322261072261,0.8971099278260867,0.8729541292041292,0.9273633230738625,0.8068231768231767,0.8712517713305675,0.8276843989343989,0.8670331077305976,0.024815601065601017
8,xgb_gain,strict,0.842322261072261,0.8971099278260867,0.8729541292041292,0.9273633230738625,0.8068231768231767,0.8712517713305675,0.8276843989343989,0.8670331077305976,0.024815601065601017
9,xgb_gain,strict,0.8505889943389944,0.9016940529084635,0.8795496170496171,0.9322428638003689,0.8065064102564102,0.8674299261968468,0.8323780386280387,0.8770216076381162,0.025986513486513426
10,xgb_gain,strict,0.8505889943389944,0.9016940529084635,0.8795496170496171,0.9322428638003689,0.8065064102564102,0.8674299261968468,0.8323780386280387,0.8770216076381162,0.025986513486513426
11,xgb_gain,strict,0.8505889943389944,0.9016940529084635,0.8795496170496171,0.9322428638003689,0.8065064102564102,0.8674299261968468,0.8323780386280387,0.8770216076381162,0.025986513486513426
12,xgb_gain,strict,0.8505889943389944,0.9016940529084635,0.8795496170496171,0.9322428638003689,0.8065064102564102,0.8674299261968468,0.8323780386280387,0.8770216076381162,0.025986513486513426
13,xgb_gain,strict,0.8609515484515485,0.9292298756022532,0.8910506160506161,0.9428927497327847,0.8017557442557443,0.8676057323254501,0.8389339826839827,0.8771247437627308,0.037178238428238385
14,xgb_gain,strict,0.8619900932400931,0.929432471769822,0.8987325174825175,0.9486456813457939,0.8234686147186148,0.8789522618573568,0.8437142024642025,0.885307765307453,0.02154012654012648
15,xgb_gain,strict,0.8619900932400931,0.929432471769822,0.8987325174825175,0.9486456813457939,0.8234686147186148,0.8789522618573568,0.8437142024642025,0.885307765307453,0.02154012654012648
16,xgb_gain,strict,0.8778533966033967,0.9399341672521618,0.8988823676323676,0.9489608117074401,0.7192307692307692,0.8557964949219944,0.8446665834165833,0.8885308591050974,0.12543581418581415
17,xgb_gain,strict,0.8827464202464202,0.9453904809393071,0.9071241258741258,0.9554820148632586,0.7227397602397603,0.8622429828122261,0.8464360639360639,0.8910761382723171,0.12369630369630365
18,xgb_gain,strict,0.8827464202464202,0.9453904809393071,0.9071241258741258,0.9554820148632586,0.7227397602397603,0.8622429828122261,0.8464360639360639,0.8910761382723171,0.12369630369630365
19,xgb_gain,strict,0.8827464202464202,0.9453904809393071,0.9071241258741258,0.9554820148632586,0.7227397602397603,0.8622429828122261,0.8464360639360639,0.8910761382723171,0.12369630369630365
20,xgb_gain,strict,0.886451048951049,0.947970080618682,0.9078796203796204,0.9574886054047518,0.7276003163503164,0.858272584620674,0.8456043956043956,0.8884728039817326,0.11800407925407923
21,xgb_gain,strict,0.8943140193140193,0.9538261839101624,0.9081772394272395,0.958280603948998,0.7123168498168498,0.8492347603902924,0.8466375291375291,0.8924095459152902,0.1343206793206793
22,xgb_gain,strict,0.9042582417582418,0.9579695040640345,0.9086871461871461,0.9589438668640716,0.7160930735930736,0.855313874063,0.847401764901765,0.894929404158113,0.13130869130869127
23,xgb_gain,strict,0.904664085914086,0.9580312378264426,0.9087724775224775,0.9589206227505428,0.7197527472527473,0.8553811367204224,0.8474995837495838,0.8947544103623649,0.12774683649683646
24,xgb_gain,strict,0.9045662670662672,0.9580566671506981,0.9090492840492841,0.9589884999491018,0.7204507992007992,0.8566204497300901,0.847561605061605,0.8948006473213767,0.1271108058608058
25,xgb_gain,strict,0.9041520979020979,0.9580840924809456,0.9114073426573427,0.9613158881577962,0.717578255078255,0.8594982931030009,0.846446053946054,0.8928174819685809,0.12886779886779884
26,xgb_gain,strict,0.9041021478521478,0.9580667578966154,0.9114801864801865,0.961439386870206,0.7144005994005994,0.8581612471985225,0.8466013153513154,0.892930154656366,0.13220071595071592
27,xgb_gain,strict,0.9042332667332668,0.9580046088194191,0.9115738428238428,0.9615141310570882,0.7073692973692974,0.8541877894624523,0.8459515484515485,0.8936067407866858,0.13858225108225106
28,xgb_gain,strict,0.9038523976023977,0.9577004034718196,0.912029637029637,0.9621260134512507,0.7019505494505495,0.8483005219680418,0.8469938394938396,0.8962937333021624,0.14504329004329
29,xgb_gain,strict,0.9041250416250417,0.9577875187375061,0.9121274558774558,0.962029957742058,0.7032800532800533,0.8492636298308751,0.8470175657675658,0.895999973760838,0.14373751248751246
30,xgb_gain,strict,0.9040667665667667,0.9577457003328007,0.912194055944056,0.9623594962521661,0.6825990675990675,0.8417748251374001,0.846773643023643,0.8959006301931502,0.1641745754245754
31,xgb_gain,strict,0.9039897602397602,0.9575904937137455,0.9122377622377623,0.9622108125183174,0.6818593906093907,0.8403775303742211,0.8464518814518814,0.8954385417903774,0.1645924908424908
32,xgb_gain,strict,0.9040168165168166,0.9575561769648931,0.9121649184149184,0.9622016766325583,0.6822365134865134,0.8402649639945469,0.8465397102897102,0.8953681881513424,0.1643031968031968
33,xgb_gain,strict,0.9039294039294039,0.9576355405541844,0.911865218115218,0.9622231524095285,0.6802281052281053,0.8391533205805183,0.8462204462204461,0.8952290609823077,0.16599234099234098
1,catboost_pvc,soft,0.7682359307359308,0.8222146141820218,0.8186334498834499,0.8751368262107523,0.8015180652680652,0.8659507731279709,0.7495288045288045,0.8239893863420962,0.0519892607392607
2,catboost_pvc,soft,0.8472132034632035,0.8973986558105564,0.8605498667998668,0.9112778190216376,0.8200670163170164,0.8912041115935346,0.795982350982351,0.8921441377678265,0.024305278055278018
3,catboost_pvc,soft,0.8672494172494173,0.9216779760158257,0.8616924741924743,0.9120972678462064,0.7034307359307359,0.8353438875061002,0.7920350482850482,0.8923853491871099,0.08860431235431232
4,catboost_pvc,soft,0.8948280885780885,0.949967395969831,0.8640879953379953,0.9161207928144117,0.6387741425241426,0.8018612103846868,0.8096782384282385,0.908168795656558,0.17090409590409586
5,catboost_pvc,soft,0.8995837495837495,0.9545972992417173,0.8758200133200132,0.9272388643033622,0.6792440892440892,0.804834311480228,0.8196474358974358,0.9152452878041041,0.1404033466533466
6,catboost_pvc,soft,0.901544289044289,0.9564976773143606,0.8990821678321678,0.951200455700643,0.7038519813519813,0.8462487908362034,0.8552605727605728,0.9161568822660856,0.15140859140859136
7,catboost_pvc,soft,0.9012945387945388,0.956243995868434,0.9040272227772229,0.9535237120729754,0.7036176323676324,0.8545095340681629,0.8543731268731268,0.9132316377844599,0.15075549450549447
8,catboost_pvc,soft,0.9026057276057275,0.9567640697838625,0.9039085914085914,0.9548923271200994,0.7293577256077256,0.862026386388337,0.8543460705960705,0.9161760206576641,0.12498834498834495
9,catboost_pvc,soft,0.9022789710289709,0.9565969385883846,0.9061979686979686,0.9568181864963208,0.7100216450216449,0.860744502313371,0.8521482683982683,0.9095216772488252,0.14212662337662332
10,catboost_pvc,soft,0.9022831335331336,0.9566716541866391,0.9066329503829503,0.9577165913922907,0.7118310855810855,0.8598058683740502,0.8516562604062604,0.9094004588485108,0.1398251748251748
11,catboost_pvc,soft,0.9019605394605396,0.9565059997237194,0.9086163836163835,0.9587272976149723,0.7143498168498169,0.8639304618957467,0.8505877455877456,0.9045914034766432,0.1362379287379287
12,catboost_pvc,soft,0.902212370962371,0.9565622678603448,0.9087308524808524,0.958726603171221,0.7156018981018981,0.8637438665646707,0.8503729603729604,0.9038772824744354,0.13477106227106223
13,catboost_pvc,soft,0.9022102897102897,0.9564082250583249,0.9087953712953712,0.9586546778230095,0.7178459040959041,0.8643357714546527,0.8505311355311355,0.9034611259120499,0.13268523143523142
14,catboost_pvc,soft,0.9021645021645023,0.9565391240669089,0.9097319347319347,0.9589865933475449,0.7159523809523809,0.8643654841453916,0.8492457542457542,0.9001530459633607,0.13329337329337324
15,catboost_pvc,soft,0.902072927072927,0.956355210307508,0.9098713786213786,0.9594304099580073,0.6845271395271396,0.8540198251008065,0.8493260905760905,0.9000497374337284,0.164798951048951
16,catboost_pvc,soft,0.9022165334665334,0.9563825462333204,0.9098151848151849,0.9594331118432017,0.6851344488844489,0.8530495227591256,0.8491262903762905,0.8995469809494535,0.16399184149184146
17,catboost_pvc,soft,0.9021769896769897,0.956308126397412,0.9101315351315352,0.959374734385661,0.6948971861471862,0.8547202921745255,0.8488698801198802,0.8994399269145772,0.15397269397269395
18,catboost_pvc,soft,0.9040709290709291,0.9578018270856683,0.9103084415584415,0.9604149253593559,0.7002768065268065,0.8491360301162375,0.8478667166167165,0.8968352320132414,0.14758991008991004
19,catboost_pvc,soft,0.90380661005661,0.9577413787719107,0.9106893106893107,0.961140714721509,0.6909165834165835,0.8433023616202312,0.8491233766233766,0.8992778235334429,0.15820679320679318
20,catboost_pvc,soft,0.904227022977023,0.9579030666927145,0.9109994172494172,0.961119619952974,0.6951315351315351,0.8424514870535725,0.8492574092574093,0.8991837523739997,0.15412587412587408
21,catboost_pvc,soft,0.9040584415584415,0.9579794087239767,0.9109432234432235,0.9610714486354471,0.6914031801531801,0.8409884051388173,0.8488557276057276,0.8992180071842909,0.15745254745254741
22,catboost_pvc,soft,0.904079254079254,0.9577650751055472,0.9110618548118548,0.9610486614201649,0.6862837162837163,0.8396038598431206,0.848465700965701,0.8980199895841755,0.16218198468198464
23,catboost_pvc,soft,0.9041292041292041,0.9576956234533033,0.9110181485181487,0.9610592049059831,0.6886138861138861,0.8406242284813089,0.8488344988344988,0.8980208221889665,0.1602206127206127
24,catboost_pvc,soft,0.9039918414918415,0.957605952364319,0.9109786047286047,0.9610261814026799,0.6891795704295705,0.8393605713508935,0.848490675990676,0.8977656847606273,0.15931110556110553
25,catboost_pvc,soft,0.9040022477522478,0.9576856808484555,0.9110243922743922,0.9610110393061818,0.6879749417249418,0.8393118357874227,0.8487429237429237,0.8977993458215111,0.160767982017982
26,catboost_pvc,soft,0.9040001665001665,0.9574881214772574,0.9107163669663669,0.9607920337862271,0.6846253746253746,0.837466805567892,0.8482409257409258,0.8974197733460345,0.16361555111555107
27,catboost_pvc,soft,0.9040501165501166,0.9576092738430401,0.9121669996669998,0.9623022134791617,0.6816716616716616,0.8382956475342839,0.8466358641358642,0.8956533815626598,0.16496420246420243
28,catboost_pvc,soft,0.9039502164502166,0.9576090913956173,0.9122648185148186,0.9622474012833653,0.68250999000999,0.839175160399873,0.8464835164835165,0.8955154005792743,0.16397352647352645
29,catboost_pvc,soft,0.9038003663003663,0.9576192310020981,0.9119734432234431,0.9622345530343782,0.6815959040959041,0.8397993588579253,0.8461480186480186,0.8953583431012877,0.16455211455211452
30,catboost_pvc,soft,0.9039231601731602,0.9576081630449139,0.9118402430902431,0.9622494347144697,0.6804433066933067,0.840005468599,0.8462325174825175,0.8952372155816212,0.16578921078921074
31,catboost_pvc,soft,0.9040480352980355,0.9575973165196442,0.9118777056277056,0.9622199026622728,0.6790984015984017,0.8392032359498643,0.8462749750249751,0.8952466999367599,0.1671765734265734
32,catboost_pvc,soft,0.9040521978021978,0.9576088886762588,0.9120192307692307,0.9622192570790847,0.6806543456543457,0.839084604040648,0.8462475024975026,0.8952697781738741,0.16559315684315679
33,catboost_pvc,soft,0.9039294039294039,0.9576355405541844,0.911865218115218,0.9622231524095285,0.6802281052281053,0.8391533205805183,0.8462204462204461,0.8952290609823077,0.16599234099234098
1,catboost_pvc,strict,,,,,,,,,
2,catboost_pvc,strict,0.7682359307359308,0.8222146141820218,0.8186334498834499,0.8751368262107523,0.8015180652680652,0.8659507731279709,0.7495288045288045,0.8239893863420962,0.0519892607392607
3,catboost_pvc,strict,0.7682359307359308,0.8222146141820218,0.8186334498834499,0.8751368262107523,0.8015180652680652,0.8659507731279709,0.7495288045288045,0.8239893863420962,0.0519892607392607
4,catboost_pvc,strict,0.7682359307359308,0.8222146141820218,0.8186334498834499,0.8751368262107523,0.8015180652680652,0.8659507731279709,0.7495288045288045,0.8239893863420962,0.0519892607392607
5,catboost_pvc,strict,0.8578837828837829,0.9162616921248915,0.8717532467532468,0.9233009472004851,0.8061509324009325,0.8625330819072703,0.8141092241092241,0.9029158688256466,0.015676406926406886
6,catboost_pvc,strict,0.8578837828837829,0.9162616921248915,0.8717532467532468,0.9233009472004851,0.8061509324009325,0.8625330819072703,0.8141092241092241,0.9029158688256466,0.015676406926406886
7,catboost_pvc,strict,0.8578837828837829,0.9162616921248915,0.8717532467532468,0.9233009472004851,0.8061509324009325,0.8625330819072703,0.8141092241092241,0.9029158688256466,0.015676406926406886
8,catboost_pvc,strict,0.8578837828837829,0.9162616921248915,0.8717532467532468,0.9233009472004851,0.8061509324009325,0.8625330819072703,0.8141092241092241,0.9029158688256466,0.015676406926406886
9,catboost_pvc,strict,0.8657259407259407,0.9306204945362663,0.8951652514152514,0.9463597560032375,0.8619667832167832,0.9018535466573053,0.8584398934398935,0.919218635032134,0.005505744255744196
10,catboost_pvc,strict,0.8677947052947053,0.9378160233664105,0.897779304029304,0.9499306907711004,0.8600312187812188,0.8980898137618292,0.8522431734931736,0.9064326925987766,0.009130869130869081
11,catboost_pvc,strict,0.8677947052947053,0.9378160233664105,0.897779304029304,0.9499306907711004,0.8600312187812188,0.8980898137618292,0.8522431734931736,0.9064326925987766,0.009130869130869081
12,catboost_pvc,strict,0.8677947052947053,0.9378160233664105,0.897779304029304,0.9499306907711004,0.8600312187812188,0.8980898137618292,0.8522431734931736,0.9064326925987766,0.009130869130869081
13,catboost_pvc,strict,0.8684960872460872,0.9382642634172355,0.9032176157176157,0.9537354212554012,0.8543747918747918,0.8976158173952254,0.847096237096237,0.8930965978119451,0.008938561438561397
14,catboost_pvc,strict,0.8684960872460872,0.9382642634172355,0.9032176157176157,0.9537354212554012,0.8543747918747918,0.8976158173952254,0.847096237096237,0.8930965978119451,0.008938561438561397
15,catboost_pvc,strict,0.8899704462204463,0.9516187005635057,0.906786963036963,0.9572547291203635,0.7103155178155177,0.8630016943803782,0.8487987012987013,0.9020012043193236,0.13848318348318345
16,catboost_pvc,strict,0.8899704462204463,0.9516187005635057,0.906786963036963,0.9572547291203635,0.7103155178155177,0.8630016943803782,0.8487987012987013,0.9020012043193236,0.13848318348318345
17,catboost_pvc,strict,0.8915438727938728,0.9522394168435627,0.907240675990676,0.9575546976333689,0.6857371794871795,0.8409019840673811,0.8494126706626707,0.9023420130485565,0.16367549117549116
18,catboost_pvc,strict,0.8915438727938728,0.9522394168435627,0.907240675990676,0.9575546976333689,0.6857371794871795,0.8409019840673811,0.8494126706626707,0.9023420130485565,0.16367549117549116
19,catboost_pvc,strict,0.8919705294705295,0.9522850952327726,0.9085497835497836,0.9594370591529682,0.6787987012987013,0.831826693453067,0.8523289210789211,0.9052845185949582,0.17353021978021976
20,catboost_pvc,strict,0.8919705294705295,0.9522850952327726,0.9085497835497836,0.9594370591529682,0.6787987012987013,0.831826693453067,0.8523289210789211,0.9052845185949582,0.17353021978021976
21,catboost_pvc,strict,0.9019438894438894,0.9565826650663688,0.9107122044622046,0.9607463262885966,0.6758928571428572,0.8431248870801195,0.8506805694305695,0.9027664505408012,0.17478771228771225
22,catboost_pvc,strict,0.9024600399600399,0.9565343949881288,0.911005661005661,0.9608276359837299,0.6789689477189477,0.8442602129181175,0.850255994005994,0.9024484854971867,0.17128704628704625
23,catboost_pvc,strict,0.9019334831834832,0.9564945180111265,0.9106684981684982,0.9606796097883136,0.6779678654678655,0.8447787390764415,0.8502505827505827,0.901971412162596,0.17228271728271727
24,catboost_pvc,strict,0.9038981851481852,0.9575092817397387,0.9110764235764236,0.9610665682968379,0.6891774891774892,0.841487892186069,0.8489531302031302,0.8985393794101336,0.159775641025641
25,catboost_pvc,strict,0.9042977855477856,0.95762404896552,0.9108558108558108,0.961050813364125,0.6931327006327006,0.8415059935277842,0.8490351315351315,0.8982586290665712,0.15590243090243086
26,catboost_pvc,strict,0.9041458541458542,0.9576237542427603,0.9110077422577422,0.961003127013679,0.6909632034632035,0.8408430501400032,0.8490001665001664,0.8979423521658162,0.158036963036963
27,catboost_pvc,strict,0.9039918414918415,0.957605952364319,0.9109786047286047,0.9610261814026799,0.6891795704295705,0.8393605713508935,0.848490675990676,0.8977656847606273,0.15931110556110553
28,catboost_pvc,strict,0.9039918414918415,0.957605952364319,0.9109786047286047,0.9610261814026799,0.6891795704295705,0.8393605713508935,0.848490675990676,0.8977656847606273,0.15931110556110553
29,catboost_pvc,strict,0.9040438727938728,0.9575326360494317,0.9106872294372295,0.9608133281553611,0.6835893273393273,0.8377074386860226,0.8483175158175159,0.8973850538613899,0.16472818847818846
30,catboost_pvc,strict,0.9040272227772227,0.9575205924403601,0.9119484681984682,0.96215515929708,0.6806938894438894,0.8389999647788109,0.8463540626040627,0.8955977026428449,0.16566017316017312
31,catboost_pvc,strict,0.9039897602397602,0.9575904937137455,0.9122377622377623,0.9622108125183174,0.6818593906093907,0.8403775303742211,0.8464518814518814,0.8954385417903774,0.1645924908424908
32,catboost_pvc,strict,0.9040168165168166,0.9575561769648931,0.9121649184149184,0.9622016766325583,0.6822365134865134,0.8402649639945469,0.8465397102897102,0.8953681881513424,0.1643031968031968
33,catboost_pvc,strict,0.9039294039294039,0.9576355405541844,0.911865218115218,0.9622231524095285,0.6802281052281053,0.8391533205805183,0.8462204462204461,0.8952290609823077,0.16599234099234098
1,perm_rf,soft,0.8420350482850484,0.8949067275756212,0.8465846653346653,0.8982414033269427,0.8122756410256411,0.885788479003514,0.802588245088245,0.8954858858881711,0.01174700299700295
2,perm_rf,soft,0.8438290875790876,0.9101264473954284,0.8651973026973027,0.9186964805299596,0.8056206293706293,0.8584059118952975,0.8175283050283051,0.9010600079657273,0.012910006660006612
3,perm_rf,soft,0.8578837828837829,0.9162616921248915,0.8717532467532468,0.9233009472004851,0.8061509324009325,0.8625330819072703,0.8141092241092241,0.9029158688256466,0.015676406926406886
4,perm_rf,soft,0.8754433066933068,0.9430339666369262,0.8733225108225109,0.9248237698240821,0.809251998001998,0.8440187956607161,0.8225320512820513,0.9115994487738369,0.013584748584748547
5,perm_rf,soft,0.8995837495837495,0.9545972992417173,0.8758200133200132,0.9272388643033622,0.6792440892440892,0.804834311480228,0.8196474358974358,0.9152452878041041,0.1404033466533466
6,perm_rf,soft,0.9001748251748252,0.9550011879354412,0.8903284215784216,0.9441363425535503,0.6738095238095237,0.7997830289923197,0.8447311022311021,0.9021145167270292,0.17092157842157837
7,perm_rf,soft,0.899785631035631,0.954846768803125,0.89135656010656,0.9460036051194892,0.6385385447885447,0.777399048399985,0.8472044622044622,0.9022251590193023,0.20866591741591742
8,perm_rf,soft,0.9004766067266067,0.9551892964261844,0.8917561605061605,0.9462465959781144,0.638781635031635,0.7768300119377791,0.8468227605727604,0.9030169439909076,0.2080411255411255
9,perm_rf,soft,0.9006972194472195,0.9554940766650932,0.8971174658674658,0.9506817202527742,0.6444193306693307,0.776687782351681,0.8409665334665335,0.8922727173134891,0.19654720279720275
10,perm_rf,soft,0.9011883949383949,0.9555223211894665,0.8973110223110222,0.9506874774825573,0.6446824009324009,0.7762685326245515,0.8407683982683983,0.8913321220071969,0.1960859973359973
11,perm_rf,soft,0.9030386280386281,0.9573652615907237,0.9027930402930403,0.9554905789764682,0.6391354478854478,0.7822039923113849,0.8454362304362304,0.8946777088836905,0.20630078255078255
12,perm_rf,soft,0.9036026473526473,0.9576368831800899,0.9053862803862804,0.9578627213820146,0.6621070596070596,0.8006280837876742,0.8474771062271061,0.8997104922841062,0.1853700466200466
13,perm_rf,soft,0.9039585414585415,0.9576339900109879,0.905573593073593,0.9578563487170505,0.6580577755577756,0.8003714763840888,0.8471466033966033,0.8994844617586875,0.18908882783882777
14,perm_rf,soft,0.904243672993673,0.9578764262502398,0.9080919080919081,0.9594104821252674,0.6730536130536131,0.8193097020362256,0.8483558108558108,0.8998947944953813,0.17530219780219777
15,perm_rf,soft,0.9047057109557111,0.9580926467180838,0.910237678987679,0.960537035184263,0.6753962703962704,0.8198300388838601,0.8475241425241425,0.8984464330624421,0.1721278721278721
16,perm_rf,soft,0.904747335997336,0.9582212352457732,0.9103313353313354,0.960504875577303,0.6759569597069598,0.8201986479221745,0.847581585081585,0.8980378555635173,0.17162462537462533
17,perm_rf,soft,0.9045475357975358,0.9581224386668943,0.9100878288378288,0.9603917555762586,0.6791437728937728,0.8233871938085224,0.8477872127872127,0.8979996143965924,0.16864343989343986
18,perm_rf,soft,0.9044372294372295,0.9580987397342917,0.910221028971029,0.9606058339762136,0.6793989343989345,0.8217972151266982,0.8476506826506826,0.8981739692001306,0.16825174825174818
19,perm_rf,soft,0.9044622044622045,0.9580421035840616,0.9101377788877789,0.9604432707236153,0.6830328005328005,0.8354263259218304,0.8484511322011322,0.8988574938631132,0.16541833166833161
20,perm_rf,soft,0.9047119547119548,0.958053711606409,0.9103729603729604,0.9604235606842376,0.685304279054279,0.8349028230968166,0.8484382284382285,0.8987077518718377,0.16313394938394934
21,perm_rf,soft,0.904251998001998,0.9577575188714049,0.9103146853146854,0.9603555129935,0.685693056943057,0.8355922528395681,0.8479574592074592,0.897356123646583,0.16226440226440222
22,perm_rf,soft,0.9041187978687978,0.9577029592951171,0.910593573093573,0.9606431852779256,0.6837695637695638,0.8377537857372398,0.8488003663003664,0.8981441367698236,0.1650308025308025
23,perm_rf,soft,0.9042728105228105,0.9577013390996282,0.9107330169830171,0.9605998017758132,0.6843589743589744,0.8378651242613531,0.8486630036630037,0.8977079207838449,0.1643040293040293
24,perm_rf,soft,0.9037774725274725,0.9575585773700159,0.9109744422244422,0.9604908021756797,0.6831031468531469,0.8367541266384299,0.8482800532800533,0.8973847448547124,0.16517690642690638
25,perm_rf,soft,0.9040438727938728,0.9575326360494317,0.9106872294372295,0.9608133281553611,0.6835893273393273,0.8377074386860226,0.8483175158175159,0.8973850538613899,0.16472818847818846
26,perm_rf,soft,0.9037795537795539,0.9575711230993448,0.9119359806859806,0.9621731514198423,0.6822394272394273,0.8386927244625172,0.8462042124542125,0.8955549312492369,0.1639647852147852
27,perm_rf,soft,0.9039335664335665,0.9575815231222324,0.9120421245421245,0.9622778866363406,0.6844588744588744,0.8398960948932852,0.8463832001332001,0.895536145547759,0.1619243256743256
28,perm_rf,soft,0.904020979020979,0.957577480170512,0.9120983183483183,0.9622632211902317,0.6836471861471862,0.8394196976433489,0.8463807026307025,0.8955777042221847,0.16273351648351644
29,perm_rf,soft,0.9041500166500166,0.9575930942392605,0.9113782051282051,0.9618811513370079,0.6783154345654346,0.8340399802495208,0.8453504828504829,0.8948570794423691,0.16703504828504825
30,perm_rf,soft,0.9041083916083915,0.9575599787325562,0.9118131868131868,0.9621486457681513,0.6786621711621712,0.8375669665000335,0.8459203296703296,0.8953070427740757,0.1672581585081585
31,perm_rf,soft,0.9039252414252413,0.957621199459049,0.9120254745254744,0.9620972881181423,0.6780215617715618,0.837743385651977,0.8461913086913088,0.8952078755202507,0.16816974691974687
32,perm_rf,soft,0.9039772727272727,0.9575856762701168,0.9120546120546121,0.9621868833173153,0.6788698801198801,0.8390345353115083,0.84624333999334,0.8953874027030245,0.16737345987345983
33,perm_rf,soft,0.9039294039294039,0.9576355405541844,0.911865218115218,0.9622231524095285,0.6802281052281053,0.8391533205805183,0.8462204462204461,0.8952290609823077,0.16599234099234098
1,perm_rf,strict,,,,,,,,,
2,perm_rf,strict,,,,,,,,,
3,perm_rf,strict,0.8420350482850484,0.8949067275756212,0.8465846653346653,0.8982414033269427,0.8122756410256411,0.885788479003514,0.802588245088245,0.8954858858881711,0.01174700299700295
4,perm_rf,strict,0.8420350482850484,0.8949067275756212,0.8465846653346653,0.8982414033269427,0.8122756410256411,0.885788479003514,0.802588245088245,0.8954858858881711,0.01174700299700295
5,perm_rf,strict,0.8472132034632035,0.8973986558105564,0.8605498667998668,0.9112778190216376,0.8200670163170164,0.8912041115935346,0.795982350982351,0.8921441377678265,0.024305278055278018
6,perm_rf,strict,0.8578837828837829,0.9162616921248915,0.8717532467532468,0.9233009472004851,0.8061509324009325,0.8625330819072703,0.8141092241092241,0.9029158688256466,0.015676406926406886
7,perm_rf,strict,0.8578837828837829,0.9162616921248915,0.8717532467532468,0.9233009472004851,0.8061509324009325,0.8625330819072703,0.8141092241092241,0.9029158688256466,0.015676406926406886
8,perm_rf,strict,0.8578837828837829,0.9162616921248915,0.8717532467532468,0.9233009472004851,0.8061509324009325,0.8625330819072703,0.8141092241092241,0.9029158688256466,0.015676406926406886
9,perm_rf,strict,0.8578837828837829,0.9162616921248915,0.8717532467532468,0.9233009472004851,0.8061509324009325,0.8625330819072703,0.8141092241092241,0.9029158688256466,0.015676406926406886
10,perm_rf,strict,0.8578837828837829,0.9162616921248915,0.8717532467532468,0.9233009472004851,0.8061509324009325,0.8625330819072703,0.8141092241092241,0.9029158688256466,0.015676406926406886
11,perm_rf,strict,0.8578837828837829,0.9162616921248915,0.8717532467532468,0.9233009472004851,0.8061509324009325,0.8625330819072703,0.8141092241092241,0.9029158688256466,0.015676406926406886
12,perm_rf,strict,0.8611159673659673,0.9196109647096161,0.8935668498168498,0.9462753784884779,0.8098684648684649,0.8660872610780829,0.8374879287379287,0.8803420826176821,0.027619463869463814
13,perm_rf,strict,0.8611159673659673,0.9196109647096161,0.8935668498168498,0.9462753784884779,0.8098684648684649,0.8660872610780829,0.8374879287379287,0.8803420826176821,0.027619463869463814
14,perm_rf,strict,0.8678800366300367,0.9370938455275993,0.8945450382950383,0.9484589570644141,0.8113095238095238,0.8557878604703655,0.8408503996003995,0.8887617220233978,0.029540875790875738
15,perm_rf,strict,0.8683337495837495,0.9371970369582133,0.8948801198801198,0.9484959486692128,0.811690392940393,0.8578676937656083,0.8406568431568431,0.8878099707693239,0.028966450216450168
16,perm_rf,strict,0.8683337495837495,0.9371970369582133,0.8948801198801198,0.9484959486692128,0.811690392940393,0.8578676937656083,0.8406568431568431,0.8878099707693239,0.028966450216450168
17,perm_rf,strict,0.8732642357642358,0.9411015973703286,0.9008741258741259,0.9529153434810279,0.7961342823842824,0.8596404270471454,0.8449263236763237,0.8899736958637433,0.04879204129204126
18,perm_rf,strict,0.8732642357642358,0.9411015973703286,0.9008741258741259,0.9529153434810279,0.7961342823842824,0.8596404270471454,0.8449263236763237,0.8899736958637433,0.04879204129204126
19,perm_rf,strict,0.8732642357642358,0.9411015973703286,0.9008741258741259,0.9529153434810279,0.7961342823842824,0.8596404270471454,0.8449263236763237,0.8899736958637433,0.04879204129204126
20,perm_rf,strict,0.8732642357642358,0.9411015973703286,0.9008741258741259,0.9529153434810279,0.7961342823842824,0.8596404270471454,0.8449263236763237,0.8899736958637433,0.04879204129204126
21,perm_rf,strict,0.8732642357642358,0.9411015973703286,0.9008741258741259,0.9529153434810279,0.7961342823842824,0.8596404270471454,0.8449263236763237,0.8899736958637433,0.04879204129204126
22,perm_rf,strict,0.8744859307359308,0.9413568974523644,0.9062083749583749,0.9567110306027639,0.8036971361971362,0.8664633358441426,0.8482088744588744,0.8937955953054605,0.044511738261738217
23,perm_rf,strict,0.8744859307359308,0.9413568974523644,0.9062083749583749,0.9567110306027639,0.8036971361971362,0.8664633358441426,0.8482088744588744,0.8937955953054605,0.044511738261738217
24,perm_rf,strict,0.882001332001332,0.9460489264107522,0.9066183816183816,0.9571924074718156,0.7746049783549783,0.8534315893480479,0.8469426406926406,0.8946437423507229,0.0723376623376623
25,perm_rf,strict,0.8830856643356643,0.9465572899045677,0.9069451381951382,0.9574615075442373,0.7922315184815184,0.8636754217726995,0.8466899766899768,0.8920175282177031,0.05445845820845816
26,perm_rf,strict,0.8832126207126207,0.9467601090634307,0.9090118215118216,0.9603794073683559,0.7903937728937729,0.8634363450818245,0.8451506826506826,0.8914360628341024,0.05475690975690972
27,perm_rf,strict,0.8824550449550449,0.9461238644805078,0.9098963536463537,0.9606007155723065,0.7858345820845821,0.8669026074034191,0.845703046953047,0.8915058579033355,0.05986846486846483
28,perm_rf,strict,0.8823655511155511,0.946074296998373,0.9098068598068597,0.9605761615798455,0.7868173493173494,0.8677986607132461,0.8457092907092907,0.8915148001765134,0.058891941391941344
29,perm_rf,strict,0.8941891441891442,0.9534187491870435,0.9099421411921412,0.9611112471236721,0.6725824175824177,0.8231906160148542,0.8468489843489843,0.8950874675607444,0.1742665667665667
30,perm_rf,strict,0.9037191974691975,0.9573631449927028,0.9099192474192476,0.9612637289866311,0.6778704628704628,0.8334684638954121,0.8465422077922078,0.8965363340039914,0.1686717449217449
31,perm_rf,strict,0.90360680985681,0.9573785682973369,0.9100919913419913,0.9611680308951788,0.6767003829503829,0.832736366634531,0.8464714452214452,0.8960936293559919,0.16977106227106223
32,perm_rf,strict,0.9037691475191476,0.9575357007502987,0.9121316183816184,0.9622834785718776,0.6760651848151848,0.837843766581404,0.8461971361971362,0.895397902193544,0.17013195138195134
33,perm_rf,strict,0.9039294039294039,0.9576355405541844,0.911865218115218,0.9622231524095285,0.6802281052281053,0.8391533205805183,0.8462204462204461,0.8952290609823077,0.16599234099234098
1,perm_xgb,soft,0.8420350482850484,0.8949067275756212,0.8465846653346653,0.8982414033269427,0.8122756410256411,0.885788479003514,0.802588245088245,0.8954858858881711,0.01174700299700295
2,perm_xgb,soft,0.8472132034632035,0.8973986558105564,0.8605498667998668,0.9112778190216376,0.8200670163170164,0.8912041115935346,0.795982350982351,0.8921441377678265,0.024305278055278018
3,perm_xgb,soft,0.8578837828837829,0.9162616921248915,0.8717532467532468,0.9233009472004851,0.8061509324009325,0.8625330819072703,0.8141092241092241,0.9029158688256466,0.015676406926406886
4,perm_xgb,soft,0.8756618381618381,0.9330279340206914,0.8730124042624042,0.9241310616622805,0.7376981351981352,0.8260994476718753,0.8133699633699635,0.9036441901214004,0.07567182817182813
5,perm_xgb,soft,0.8766192141192141,0.9335679492834837,0.8944409756909758,0.9471289496592319,0.7371357808857809,0.8340728445297625,0.8361663336663336,0.8790424728659619,0.09903055278055273
6,perm_xgb,soft,0.8778617216117216,0.9346478010001986,0.8949529637029636,0.9481347906173081,0.7252830502830502,0.8275209763180542,0.8387658175158176,0.8872440089464315,0.11348276723276722
7,perm_xgb,soft,0.900834582084582,0.9550894519441598,0.896062271062271,0.9493344650687309,0.6813203463203464,0.8022626927060618,0.8401290376290377,0.8923802629064242,0.15880869130869127
8,perm_xgb,soft,0.9035526973026973,0.9576432012667652,0.9041458541458542,0.9540958126122961,0.6954283216783216,0.827137713331457,0.8418939393939394,0.892098522523098,0.14646561771561767
9,perm_xgb,soft,0.9038045288045288,0.9578658453393093,0.9085497835497836,0.9573303548765587,0.6976356976356977,0.8294855155251009,0.8406135531135531,0.8885534965991385,0.14297785547785544
10,perm_xgb,soft,0.9045308857808859,0.9580920957372631,0.9087808025308025,0.9590620163843816,0.7206218781218782,0.8410617206844105,0.8464806027306028,0.8969691010787414,0.12585872460872458
11,perm_xgb,soft,0.903971028971029,0.9578502250330422,0.9092969530469531,0.9595665308093505,0.7288848651348653,0.8551477533663473,0.8476386113886113,0.8986263282172372,0.11875374625374623
12,perm_xgb,soft,0.9040626040626041,0.9580235495648207,0.9097777222777222,0.9595053932497738,0.73122335997336,0.8561227463429012,0.8478858641358641,0.898232568401462,0.11666250416250412
13,perm_xgb,soft,0.9041708291708291,0.9578940321666346,0.9099046786546786,0.9601308360096447,0.6918327505827505,0.8398158713164957,0.8474950049950051,0.89812930099787,0.15566225441225437
14,perm_xgb,soft,0.9040979853479852,0.9579370518134879,0.9098255910755911,0.9600734705895171,0.6927439227439227,0.839880593931543,0.8474221611721612,0.8981421712860899,0.15467823842823838
15,perm_xgb,soft,0.9041895604395606,0.9578581674735521,0.9106560106560107,0.9609632437991579,0.6811401098901099,0.8353437728812979,0.8495895770895769,0.8997478655003005,0.16844946719946718
16,perm_xgb,soft,0.9046203796203797,0.9579645145688477,0.9105498667998667,0.9609880046693234,0.6833312520812521,0.8337419377367553,0.849546287046287,0.8998334743636317,0.16621503496503492
17,perm_xgb,soft,0.9043373293373292,0.9579037372259775,0.9105477855477856,0.9609395609801453,0.6882975357975357,0.8353213834533765,0.8493514818514818,0.8996043882233318,0.16105394605394602
18,perm_xgb,soft,0.9043602231102231,0.9580618307766159,0.9108537296037297,0.960879923024029,0.6863823676323676,0.8344872675193603,0.8491708291708292,0.8996201473559741,0.1627884615384615
19,perm_xgb,soft,0.9041958041958043,0.9579838259268204,0.9110014985014985,0.9608368903823449,0.6876452713952714,0.8358037869972185,0.8492986180486181,0.8994751162922991,0.1616533466533466
20,perm_xgb,soft,0.9043560606060606,0.9580110506168823,0.9109307359307359,0.9608287644548259,0.6905973193473193,0.8360674149152546,0.8490571928071929,0.8990814273971117,0.15845987345987342
21,perm_xgb,soft,0.9043831168831168,0.9580595764333902,0.9121274558774558,0.9625173200301197,0.6851873126873128,0.837146225756428,0.8467453379953379,0.896904167718728,0.1615580253080253
22,perm_xgb,soft,0.9040064102564102,0.9581137820304902,0.9123251748251748,0.9625100569593577,0.6850424575424575,0.8371395217336776,0.8467644855144855,0.8972300082950682,0.16172202797202795
23,perm_xgb,soft,0.9041874791874792,0.957776627510019,0.9125291375291376,0.9625268260086566,0.6833695471195472,0.8361618499507486,0.8469501332001332,0.8963886690648679,0.16358058608058604
24,perm_xgb,soft,0.9043602231102231,0.9578004044116057,0.9124084249084249,0.9624683544685416,0.6852289377289377,0.8364462554594922,0.8468477355977355,0.8962899136536125,0.16161879786879782
25,perm_xgb,soft,0.9040105727605727,0.9577596281923205,0.9121420246420247,0.9624072195079313,0.6833666333666334,0.83970824394969,0.8470679320679322,0.8961309823834175,0.16370129870129865
26,perm_xgb,soft,0.9044642857142856,0.957839475189313,0.9121732434232435,0.9623838147782954,0.6839156676656678,0.8407140033418129,0.8465588578088578,0.8957703046204545,0.16264319014319012
27,perm_xgb,soft,0.9041833166833166,0.9577732129883104,0.9121878121878121,0.962325683182951,0.6842082917082917,0.8412113850185778,0.8465913253413254,0.8958954507239348,0.1623830336330336
28,perm_xgb,soft,0.9037545787545788,0.9576740899792847,0.9119401431901432,0.962230244988112,0.6812745587745588,0.8396371579843732,0.8462970362970363,0.8954492145591672,0.16502247752247748
29,perm_xgb,soft,0.9037129537129537,0.9575883116217782,0.9121669996669995,0.962249714883019,0.6817403429903429,0.8401060067138988,0.846198384948385,0.8954738020678956,0.16445804195804192
30,perm_xgb,soft,0.9041312853812854,0.957630535984994,0.9121982184482184,0.9623048545485483,0.6805740093240092,0.8389630809999192,0.84631327006327,0.8954705863567002,0.16573926073926068
31,perm_xgb,soft,0.9040168165168166,0.9575561769648931,0.9121649184149184,0.9622016766325583,0.6822365134865134,0.8402649639945469,0.8465397102897102,0.8953681881513424,0.1643031968031968
32,perm_xgb,soft,0.9039314851814851,0.9575770570588252,0.9121898934398934,0.9621988364823655,0.6820970695970696,0.8402391070260077,0.8463540626040627,0.8954155564507088,0.16425699300699298
33,perm_xgb,soft,0.9039294039294039,0.9576355405541844,0.911865218115218,0.9622231524095285,0.6802281052281053,0.8391533205805183,0.8462204462204461,0.8952290609823077,0.16599234099234098
1,perm_xgb,strict,,,,,,,,,
2,perm_xgb,strict,,,,,,,,,
3,perm_xgb,strict,0.8420350482850484,0.8949067275756212,0.8465846653346653,0.8982414033269427,0.8122756410256411,0.885788479003514,0.802588245088245,0.8954858858881711,0.01174700299700295
4,perm_xgb,strict,0.8578837828837829,0.9162616921248915,0.8717532467532468,0.9233009472004851,0.8061509324009325,0.8625330819072703,0.8141092241092241,0.9029158688256466,0.015676406926406886
5,perm_xgb,strict,0.8578837828837829,0.9162616921248915,0.8717532467532468,0.9233009472004851,0.8061509324009325,0.8625330819072703,0.8141092241092241,0.9029158688256466,0.015676406926406886
6,perm_xgb,strict,0.8578837828837829,0.9162616921248915,0.8717532467532468,0.9233009472004851,0.8061509324009325,0.8625330819072703,0.8141092241092241,0.9029158688256466,0.015676406926406886
7,perm_xgb,strict,0.8578837828837829,0.9162616921248915,0.8717532467532468,0.9233009472004851,0.8061509324009325,0.8625330819072703,0.8141092241092241,0.9029158688256466,0.015676406926406886
8,perm_xgb,strict,0.8578837828837829,0.9162616921248915,0.8717532467532468,0.9233009472004851,0.8061509324009325,0.8625330819072703,0.8141092241092241,0.9029158688256466,0.015676406926406886
9,perm_xgb,strict,0.8778617216117216,0.9346478010001986,0.8949529637029636,0.9481347906173081,0.7252830502830502,0.8275209763180542,0.8387658175158176,0.8872440089464315,0.11348276723276722
10,perm_xgb,strict,0.8778617216117216,0.9346478010001986,0.8949529637029636,0.9481347906173081,0.7252830502830502,0.8275209763180542,0.8387658175158176,0.8872440089464315,0.11348276723276722
11,perm_xgb,strict,0.8778617216117216,0.9346478010001986,0.8949529637029636,0.9481347906173081,0.7252830502830502,0.8275209763180542,0.8387658175158176,0.8872440089464315,0.11348276723276722
12,perm_xgb,strict,0.8778617216117216,0.9346478010001986,0.8949529637029636,0.9481347906173081,0.7252830502830502,0.8275209763180542,0.8387658175158176,0.8872440089464315,0.11348276723276722
13,perm_xgb,strict,0.8811771561771562,0.9395770287612821,0.8984848484848484,0.9510942926121498,0.7348563936063935,0.8348983794884769,0.8347077922077922,0.8789049465145244,0.09985139860139856
14,perm_xgb,strict,0.8928051115551116,0.9518443833472555,0.9004599567099566,0.9537888949836377,0.7041816516816516,0.8243996842942272,0.8404187479187479,0.891833408952852,0.1362370962370962
15,perm_xgb,strict,0.9030386280386281,0.9568201736658279,0.9090118215118216,0.9591524240203686,0.7164910089910089,0.8371721382180922,0.8462037962037963,0.8976556754933379,0.12971278721278717
16,perm_xgb,strict,0.9030386280386281,0.9568201736658279,0.9090118215118216,0.9591524240203686,0.7164910089910089,0.8371721382180922,0.8462037962037963,0.8976556754933379,0.12971278721278717
17,perm_xgb,strict,0.9030386280386281,0.9568201736658279,0.9090118215118216,0.9591524240203686,0.7164910089910089,0.8371721382180922,0.8462037962037963,0.8976556754933379,0.12971278721278717
18,perm_xgb,strict,0.9040979853479855,0.9579606551041366,0.9096778221778221,0.9599896799213109,0.7011988011988013,0.8371617845815523,0.8484952547452548,0.8987330644713262,0.14729645354645352
19,perm_xgb,strict,0.9044393106893107,0.9578560009753816,0.9103542291042291,0.9607650456020836,0.6737183649683649,0.8206993366274086,0.8481993006993007,0.8987165530107588,0.17448093573093568
20,perm_xgb,strict,0.9044122544122545,0.9579387967593513,0.9103126040626041,0.9607247049695227,0.6699346486846487,0.8192980195794881,0.8479399766899767,0.8984090844220715,0.17800532800532798
21,perm_xgb,strict,0.9044122544122545,0.9579387967593513,0.9103126040626041,0.9607247049695227,0.6699346486846487,0.8192980195794881,0.8479399766899767,0.8984090844220715,0.17800532800532798
22,perm_xgb,strict,0.9044122544122545,0.9579387967593513,0.9103126040626041,0.9607247049695227,0.6699346486846487,0.8192980195794881,0.8479399766899767,0.8984090844220715,0.17800532800532798
23,perm_xgb,strict,0.9044122544122545,0.9579387967593513,0.9103126040626041,0.9607247049695227,0.6699346486846487,0.8192980195794881,0.8479399766899767,0.8984090844220715,0.17800532800532798
24,perm_xgb,strict,0.9044122544122545,0.9579387967593513,0.9103126040626041,0.9607247049695227,0.6699346486846487,0.8192980195794881,0.8479399766899767,0.8984090844220715,0.17800532800532798
25,perm_xgb,strict,0.9041999666999668,0.9577952683347289,0.9105561105561106,0.9605444313220911,0.6761097236097235,0.8211041326721896,0.84740675990676,0.8968543591357028,0.17129703629703627
26,perm_xgb,strict,0.9043997668997669,0.9577087097675884,0.9105394605394604,0.9605204002416166,0.6778767066267065,0.8223858025715544,0.8473310023310022,0.896751777048293,0.16945429570429568
27,perm_xgb,strict,0.9043997668997669,0.9577087097675884,0.9105394605394604,0.9605204002416166,0.6778767066267065,0.8223858025715544,0.8473310023310022,0.896751777048293,0.16945429570429568
28,perm_xgb,strict,0.9042561605061605,0.95766980792268,0.910493672993673,0.9603769617412224,0.6844980019980019,0.8350399517440601,0.8481489343989344,0.8972737558811484,0.16365093240093234
29,perm_xgb,strict,0.9042561605061605,0.95766980792268,0.910493672993673,0.9603769617412224,0.6844980019980019,0.8350399517440601,0.8481489343989344,0.8972737558811484,0.16365093240093234
30,perm_xgb,strict,0.9043602231102231,0.9577754824055398,0.9115800865800865,0.9619708863605592,0.6806776556776558,0.835684026866407,0.845701381951382,0.8953557104941346,0.16502372627372622
31,perm_xgb,strict,0.9044955044955044,0.9578915761436365,0.9115155677655679,0.9620129771369156,0.6801190476190476,0.8360288529527415,0.8455365467865468,0.8950198350808366,0.16541749916749915
32,perm_xgb,strict,0.9042041292041292,0.9577649732260746,0.9123230935730936,0.9623351122320903,0.6818489843489842,0.8395518980686313,0.846558857808858,0.8958410196197408,0.16470987345987342
33,perm_xgb,strict,0.9039294039294039,0.9576355405541844,0.911865218115218,0.9622231524095285,0.6802281052281053,0.8391533205805183,0.8462204462204461,0.8952290609823077,0.16599234099234098
1,perm_catboost,soft,0.8420350482850484,0.8949067275756212,0.8465846653346653,0.8982414033269427,0.8122756410256411,0.885788479003514,0.802588245088245,0.8954858858881711,0.01174700299700295
2,perm_catboost,soft,0.8472132034632035,0.8973986558105564,0.8605498667998668,0.9112778190216376,0.8200670163170164,0.8912041115935346,0.795982350982351,0.8921441377678265,0.024305278055278018
3,perm_catboost,soft,0.8578837828837829,0.9162616921248915,0.8717532467532468,0.9233009472004851,0.8061509324009325,0.8625330819072703,0.8141092241092241,0.9029158688256466,0.015676406926406886
4,perm_catboost,soft,0.8754433066933068,0.9430339666369262,0.8733225108225109,0.9248237698240821,0.809251998001998,0.8440187956607161,0.8225320512820513,0.9115994487738369,0.013584748584748547
5,perm_catboost,soft,0.8995837495837495,0.9545972992417173,0.8758200133200132,0.9272388643033622,0.6792440892440892,0.804834311480228,0.8196474358974358,0.9152452878041041,0.1404033466533466
6,perm_catboost,soft,0.9018086080586082,0.9556740607876971,0.8787212787212787,0.9318134917238939,0.7028583916083916,0.8154084625206628,0.8245383782883783,0.9145563276841373,0.12167998667998663
7,perm_catboost,soft,0.9015026640026641,0.955689572976973,0.8942266067266068,0.9461928753480952,0.7113615551115551,0.828283725598411,0.8386792374292374,0.8918413874046367,0.12731768231768226
8,perm_catboost,soft,0.9017316017316017,0.9556614391685571,0.8968406593406594,0.950418069172752,0.704855561105561,0.8229539117850182,0.8424146686646686,0.897295336635559,0.13755910755910752
9,perm_catboost,soft,0.9015879953379953,0.955486552658131,0.897086247086247,0.9503660467072056,0.7051007326007325,0.8240834846347459,0.8420375457875459,0.896331248941701,0.13693681318681317
10,perm_catboost,soft,0.9017149517149518,0.9554986253756234,0.8994443056943057,0.9527522994196945,0.6641246253746254,0.8022167458332543,0.8427468364968366,0.8962992694534903,0.1786222111222111
11,perm_catboost,soft,0.9016795704295705,0.9561020741246765,0.904268648018648,0.9567764829659184,0.6578692141192142,0.8107412971435823,0.8469434731934732,0.8996345211357074,0.18907425907425904
12,perm_catboost,soft,0.9020874958374958,0.956593272486754,0.9045225607725608,0.9566335361899173,0.6557471694971695,0.8082747466486229,0.8470054945054946,0.8994880523031746,0.19125832500832496
13,perm_catboost,soft,0.9037025474525474,0.9578223402055821,0.9071428571428571,0.9589337371336621,0.6583766233766234,0.8046669508688115,0.845819180819181,0.8970024137118292,0.18744255744255742
14,perm_catboost,soft,0.9044039294039293,0.9580425563239624,0.9103146853146854,0.9605682747572107,0.6694726107226107,0.8180179137379437,0.8478758741258741,0.8983046424105364,0.17840326340326337
15,perm_catboost,soft,0.9045600233100233,0.9581151527252302,0.9100191475191476,0.9604894746237779,0.6687000499500498,0.8179468203499797,0.8475894938394939,0.897857412609036,0.17888944388944386
16,perm_catboost,soft,0.904349816849817,0.9581009566524052,0.910989010989011,0.9609772070046171,0.6823447385947387,0.833023361524423,0.8492748917748917,0.8996504625494386,0.16693015318015314
17,perm_catboost,soft,0.9043081918081919,0.9580686005636055,0.910757992007992,0.9609783848560696,0.679858474858475,0.8330254108612002,0.8491100566100567,0.8993467786376127,0.1692515817515817
18,perm_catboost,soft,0.9045933233433233,0.9581564560148476,0.9109182484182484,0.960976648226898,0.681519314019314,0.8331957718438737,0.8491966366966368,0.8990450495433637,0.16767732267732263
19,perm_catboost,soft,0.9040979853479852,0.9579534653242195,0.9106809856809858,0.9608092555754268,0.6821099733599733,0.8382208021748481,0.8489131701631702,0.8988023381671608,0.16680319680319675
20,perm_catboost,soft,0.9044143356643358,0.9579350344959735,0.910649766899767,0.9607288009401521,0.6888632201132201,0.839676060265908,0.8488149350649351,0.8988935865790886,0.15995171495171492
21,perm_catboost,soft,0.9042062104562104,0.957945209968187,0.9106560106560107,0.9606889541111568,0.6885377122877122,0.8404150932525684,0.8488449050949051,0.8987268622569572,0.16030719280719277
22,perm_catboost,soft,0.9043747918747919,0.957976882528893,0.9105977355977357,0.9607098929417237,0.6880132367632368,0.8393676914577264,0.8486942224442225,0.8987535204139849,0.16068098568098566
23,perm_catboost,soft,0.9040896603396603,0.9578943565176083,0.9111679986679987,0.9610210453258031,0.689203712953713,0.8405581892716009,0.8489069264069263,0.8987753138262004,0.1597032134532134
24,perm_catboost,soft,0.9043456543456543,0.9579911456550443,0.9110098235098235,0.9610106572581598,0.6893652181152182,0.8399021938975112,0.8489926739926741,0.8987541106703819,0.15962745587745583
25,perm_catboost,soft,0.9042998667998668,0.9580371161680477,0.9120233932733933,0.962430948588541,0.6831418581418581,0.8400854448373805,0.8467969530469531,0.8967461806841177,0.16365509490509486
26,perm_catboost,soft,0.9043581418581419,0.9577797805757347,0.912210705960706,0.9623872667251163,0.6839148351648352,0.8396754583661427,0.8470109057609058,0.8958968597170395,0.16309607059607056
27,perm_catboost,soft,0.9042374292374293,0.9577932582943197,0.9122918747918748,0.9623697891976488,0.6848126873126873,0.8407034119726428,0.8468535631035631,0.8960133844260967,0.16204087579087575
28,perm_catboost,soft,0.904054279054279,0.9578170767793645,0.9120983183483183,0.9623708537341779,0.6833641358641359,0.8402651893976819,0.8467399267399266,0.89585174384806,0.16337579087579082
29,perm_catboost,soft,0.9038794538794539,0.9576519150804241,0.911979686979687,0.9622625963987727,0.6813782051282051,0.8398920909468487,0.8461617549117548,0.8954436500687125,0.16478354978354973
30,perm_catboost,soft,0.9040917415917415,0.9575740744852883,0.9120754245754247,0.9622358249684049,0.6805935730935732,0.8394787142802252,0.8462733100233101,0.895257272738916,0.1656797369297369
31,perm_catboost,soft,0.9040480352980355,0.9575973165196442,0.9118777056277056,0.9622199026622728,0.6790984015984017,0.8392032359498643,0.8462749750249751,0.8952466999367599,0.1671765734265734
32,perm_catboost,soft,0.9040521978021978,0.9576088886762588,0.9120192307692307,0.9622192570790847,0.6806543456543457,0.839084604040648,0.8462475024975026,0.8952697781738741,0.16559315684315679
33,perm_catboost,soft,0.9039294039294039,0.9576355405541844,0.911865218115218,0.9622231524095285,0.6802281052281053,0.8391533205805183,0.8462204462204461,0.8952290609823077,0.16599234099234098
1,perm_catboost,strict,,,,,,,,,
2,perm_catboost,strict,,,,,,,,,
3,perm_catboost,strict,0.8420350482850484,0.8949067275756212,0.8465846653346653,0.8982414033269427,0.8122756410256411,0.885788479003514,0.802588245088245,0.8954858858881711,0.01174700299700295
4,perm_catboost,strict,0.8420350482850484,0.8949067275756212,0.8465846653346653,0.8982414033269427,0.8122756410256411,0.885788479003514,0.802588245088245,0.8954858858881711,0.01174700299700295
5,perm_catboost,strict,0.8578837828837829,0.9162616921248915,0.8717532467532468,0.9233009472004851,0.8061509324009325,0.8625330819072703,0.8141092241092241,0.9029158688256466,0.015676406926406886
6,perm_catboost,strict,0.8578837828837829,0.9162616921248915,0.8717532467532468,0.9233009472004851,0.8061509324009325,0.8625330819072703,0.8141092241092241,0.9029158688256466,0.015676406926406886
7,perm_catboost,strict,0.8578837828837829,0.9162616921248915,0.8717532467532468,0.9233009472004851,0.8061509324009325,0.8625330819072703,0.8141092241092241,0.9029158688256466,0.015676406926406886
8,perm_catboost,strict,0.8578837828837829,0.9162616921248915,0.8717532467532468,0.9233009472004851,0.8061509324009325,0.8625330819072703,0.8141092241092241,0.9029158688256466,0.015676406926406886
9,perm_catboost,strict,0.8578837828837829,0.9162616921248915,0.8717532467532468,0.9233009472004851,0.8061509324009325,0.8625330819072703,0.8141092241092241,0.9029158688256466,0.015676406926406886
10,perm_catboost,strict,0.8756618381618381,0.9330279340206914,0.8730124042624042,0.9241310616622805,0.7376981351981352,0.8260994476718753,0.8133699633699635,0.9036441901214004,0.07567182817182813
11,perm_catboost,strict,0.8756618381618381,0.9330279340206914,0.8730124042624042,0.9241310616622805,0.7376981351981352,0.8260994476718753,0.8133699633699635,0.9036441901214004,0.07567182817182813
12,perm_catboost,strict,0.8774413086913087,0.9347995754245755,0.8918643856143856,0.942359925809289,0.7402847152847153,0.8423012826126589,0.8356023143523142,0.8763557781504211,0.09531759906759901
13,perm_catboost,strict,0.8904345654345655,0.9509584805179836,0.8936417748917749,0.9453468001154691,0.710839160839161,0.8321940143605978,0.8385069097569097,0.8890133768994909,0.12766774891774887
14,perm_catboost,strict,0.8904345654345655,0.9509584805179836,0.8936417748917749,0.9453468001154691,0.710839160839161,0.8321940143605978,0.8385069097569097,0.8890133768994909,0.12766774891774887
15,perm_catboost,strict,0.8905365467865467,0.9508982229683404,0.893577256077256,0.9453716602661407,0.7118672993672993,0.835506555486638,0.8383287545787544,0.8883950121432015,0.12646145521145516
16,perm_catboost,strict,0.8905365467865467,0.9508982229683404,0.893577256077256,0.9453716602661407,0.7118672993672993,0.835506555486638,0.8383287545787544,0.8883950121432015,0.12646145521145516
17,perm_catboost,strict,0.8905365467865467,0.9508982229683404,0.893577256077256,0.9453716602661407,0.7118672993672993,0.835506555486638,0.8383287545787544,0.8883950121432015,0.12646145521145516
18,perm_catboost,strict,0.8925449550449551,0.9517692929780841,0.8964285714285714,0.9492797864597939,0.6746853146853148,0.8055893056327621,0.8415805028305027,0.8932207517133216,0.1668951881451881
19,perm_catboost,strict,0.8933524808524808,0.9520578832173489,0.8995317182817183,0.9523502902982798,0.6674895937395937,0.7931765050841598,0.8431501831501832,0.8953498995801068,0.17566058941058937
20,perm_catboost,strict,0.9018543956043956,0.9559492304856315,0.8996482683982684,0.9528802912247593,0.6589785214785215,0.7987009355529585,0.8428625541125543,0.8968697139523814,0.1838840326340326
21,perm_catboost,strict,0.9018543956043956,0.9559492304856315,0.8996482683982684,0.9528802912247593,0.6589785214785215,0.7987009355529585,0.8428625541125543,0.8968697139523814,0.1838840326340326
22,perm_catboost,strict,0.9044684482184482,0.9580859881668449,0.9101627539127538,0.9605682544852749,0.6705344655344655,0.8190199176032094,0.8477580752580752,0.8978999054974329,0.1772236097236097
23,perm_catboost,strict,0.9044580419580419,0.9579302945015358,0.9102751415251414,0.9604914300858981,0.6752818015318015,0.8327937220954205,0.8486963036963037,0.8989465265628477,0.17341450216450216
24,perm_catboost,strict,0.9042769730269731,0.9579530307770817,0.9101502664002664,0.9605175621705966,0.6772960372960372,0.8338344434037491,0.8486476023976023,0.8987501455628952,0.17135156510156505
25,perm_catboost,strict,0.904747335997336,0.9580772384874533,0.9104312354312354,0.9604194777084388,0.6781414418914419,0.8332930735390152,0.8485439560439559,0.8984318975854316,0.17040251415251415
26,perm_catboost,strict,0.9047119547119548,0.958053711606409,0.9103729603729604,0.9604235606842376,0.685304279054279,0.8349028230968166,0.8484382284382285,0.8987077518718377,0.16313394938394934
27,perm_catboost,strict,0.9047119547119548,0.958053711606409,0.9103729603729604,0.9604235606842376,0.685304279054279,0.8349028230968166,0.8484382284382285,0.8987077518718377,0.16313394938394934
28,perm_catboost,strict,0.9047119547119548,0.958053711606409,0.9103729603729604,0.9604235606842376,0.685304279054279,0.8349028230968166,0.8484382284382285,0.8987077518718377,0.16313394938394934
29,perm_catboost,strict,0.9043872793872794,0.958005481032454,0.9106726606726606,0.9606911138520154,0.6877439227439227,0.8402693508414663,0.8488103563103563,0.8990283302486723,0.16106643356643352
30,perm_catboost,strict,0.9043040293040293,0.9579178917153444,0.9121878121878121,0.9622640201124217,0.6871291208791209,0.8414738478928664,0.8463973526473527,0.8969793950430188,0.15926823176823177
31,perm_catboost,strict,0.9041312853812854,0.9577755135931335,0.9124105061605062,0.9623651282117817,0.6842162004662004,0.8398291552561657,0.8463773726273726,0.8960314399220494,0.16216117216117212
32,perm_catboost,strict,0.904532967032967,0.9577846635133099,0.9122773060273061,0.9623230618657067,0.680332167832168,0.8398493464369463,0.8465850815850816,0.8958525014778761,0.1662529137529137
33,perm_catboost,strict,0.9039294039294039,0.9576355405541844,0.911865218115218,0.9622231524095285,0.6802281052281053,0.8391533205805183,0.8462204462204461,0.8952290609823077,0.16599234099234098
