seed,run_id,source,hop_category
2,1000002,rerun,2
12,1000012,rerun,2
24,1,main,3
34,1000034,rerun,2
36,1000036,rerun,2
45,12,main,3
50,15,main,3
53,1000053,rerun,2
59,13,main,3
60,14,main,3
69,16,main,3
88,19,main,3
99,23,main,3
111,24,main,3
116,28,main,3
118,30,main,3
120,29,main,3
127,1000127,rerun,2
132,1000132,rerun,2
134,1000134,rerun,2
142,36,main,3
170,34,main,3
188,37,main,3
189,39,main,3
201,41,main,3
207,45,main,3
209,44,main,3
211,42,main,3
212,49,main,3
222,50,main,3
231,53,main,3
234,52,main,3
240,1000240,rerun,2
248,54,main,3
254,57,main,3
264,64,main,3
267,61,main,3
271,63,main,3
273,62,main,3
276,65,main,3
278,60,main,3
290,1000290,rerun,2
301,1000301,rerun,2
307,68,main,3
330,1000330,rerun,2
345,71,main,3
355,77,main,3
362,81,main,3
365,1000365,rerun,2
368,1000368,rerun,2
373,82,main,3
379,86,main,3
383,1000383,rerun,2
391,1000391,rerun,2
408,91,main,3
409,1000409,rerun,2
412,95,main,3
417,89,main,3
421,94,main,3
424,96,main,3
433,101,main,3
438,107,main,3
439,100,main,3
441,99,main,3
447,104,main,3
451,1000451,rerun,1
463,110,main,3
466,111,main,3
467,109,main,3
469,108,main,3
476,117,main,3
506,1000506,rerun,2
510,129,main,3
512,121,main,3
525,1000525,rerun,1
528,122,main,3
530,1000530,rerun,2
536,126,main,3
545,125,main,3
549,132,main,3
552,127,main,3
559,136,main,3
561,128,main,3
562,1000562,rerun,1
572,1000572,rerun,1
583,133,main,3
603,150,main,3
615,146,main,3
621,151,main,3
626,147,main,3
629,144,main,3
632,152,main,3
637,1000637,rerun,2
642,154,main,3
646,155,main,3
648,1000648,rerun,2
653,1000653,rerun,2
657,1000657,rerun,2
662,160,main,3
669,161,main,3
671,1000671,rerun,2
673,163,main,3
680,1000680,rerun,2
683,164,main,3
685,1000685,rerun,2
686,167,main,3
688,162,main,3
710,169,main,3
712,1000712,rerun,2
713,1000713,rerun,2
715,170,main,3
720,176,main,3
725,171,main,3
733,173,main,3
736,172,main,3
738,179,main,3
739,178,main,3
740,175,main,3
748,180,main,3
753,1000753,rerun,2
754,1000754,rerun,2
759,185,main,3
764,181,main,3
786,187,main,3
792,189,main,3
800,192,main,3
804,188,main,3
813,202,main,3
814,194,main,3
822,196,main,3
825,197,main,3
828,1000828,rerun,2
834,198,main,3
845,201,main,3
850,200,main,3
856,204,main,3
868,207,main,3
869,1000869,rerun,2
871,208,main,3
874,1000874,rerun,2
876,1000876,rerun,1
890,210,main,3
891,214,main,3
894,1000894,rerun,2
898,216,main,3
906,212,main,3
913,219,main,3
917,1000917,rerun,2
927,1000927,rerun,2
928,228,main,3
929,223,main,3
933,222,main,3
934,227,main,3
936,229,main,3
940,226,main,3
950,1000950,rerun,2
962,1000962,rerun,2
963,234,main,3
964,233,main,3
967,235,main,3
971,1000971,rerun,2
978,1000978,rerun,2
995,1000995,rerun,2
1001,1001001,rerun,1
1005,1001005,rerun,2
1008,242,main,3
1010,1001010,rerun,2
1011,240,main,3
1015,250,main,3
1026,248,main,3
1029,1001029,rerun,2
1035,1001035,rerun,1
1038,243,main,3
1039,254,main,3
1046,252,main,3
1051,251,main,3
1055,255,main,3
1057,1001057,rerun,2
1063,261,main,3
1066,258,main,3
1069,259,main,3
1083,260,main,3
1090,1001090,rerun,2
1105,267,main,3
1107,272,main,3
1114,273,main,3
1118,274,main,3
1120,1001120,rerun,2
1138,1001138,rerun,2
1141,278,main,3
1143,277,main,3
1149,1001149,rerun,2
1157,279,main,3
1162,280,main,3
1174,281,main,3
1187,286,main,3
1192,287,main,3
1197,1001197,rerun,1
1198,290,main,3
1203,1001203,rerun,2
1212,291,main,3
1219,1001219,rerun,2
1222,289,main,3
1230,1001230,rerun,2
1232,294,main,3
1240,297,main,3
1242,295,main,3
1246,300,main,3
1249,298,main,3
1250,302,main,3
1253,303,main,3
1255,305,main,3
1273,1001273,rerun,2
1276,307,main,3
1305,1001305,rerun,2
1309,1001309,rerun,2
1310,1001310,rerun,2
1314,311,main,3
1335,1001335,rerun,2
1338,315,main,3
1361,1001361,rerun,1
1376,326,main,3
1381,322,main,3
1386,331,main,3
1387,327,main,3
1389,329,main,3
1399,332,main,3
1400,330,main,3
1403,335,main,3
1406,333,main,3
1422,339,main,3
1427,1001427,rerun,2
1432,1001432,rerun,2
1451,346,main,3
1460,342,main,3
1463,343,main,3
1473,345,main,3
1481,1001481,rerun,2
1486,347,main,3
1494,357,main,3
1497,356,main,3
1515,354,main,3
1517,358,main,3
1525,352,main,3
1526,355,main,3
1537,360,main,3
1544,363,main,3
1545,1001545,rerun,2
1559,364,main,3
1560,1001560,rerun,2
1589,367,main,3
1592,371,main,3
1597,1001597,rerun,2
1607,373,main,3
1611,370,main,3
1613,369,main,3
1645,378,main,3
1647,380,main,3
1649,381,main,3
1650,382,main,3
1658,383,main,3
1668,384,main,3
1671,1001671,rerun,2
1673,388,main,3
1674,1001674,rerun,2
1705,1001705,rerun,2
1709,397,main,3
1714,393,main,3
1716,392,main,3
1717,398,main,3
1729,400,main,3
1736,399,main,3
1741,401,main,3
1742,1001742,rerun,1
1743,404,main,3
1745,402,main,3
1750,406,main,3
1760,1001760,rerun,1
1761,403,main,3
1764,405,main,3
1765,407,main,3
1768,1001768,rerun,2
1776,414,main,3
1782,413,main,3
1783,1001783,rerun,2
1788,412,main,3
1789,411,main,3
1793,415,main,3
1798,1001798,rerun,1
1801,418,main,3
1802,416,main,3
1804,421,main,3
1811,419,main,3
1822,424,main,3
1838,427,main,3
1839,1001839,rerun,2
1853,428,main,3
1869,1001869,rerun,2
1880,433,main,3
1882,434,main,3
1883,438,main,3
1884,436,main,3
1904,439,main,3
1906,445,main,3
1914,443,main,3
1916,442,main,3
1918,444,main,3
1927,446,main,3
1930,1001930,rerun,2
1931,452,main,3
1932,447,main,3
1941,451,main,3
1945,448,main,3
1948,457,main,3
1950,454,main,3
1956,455,main,3
1960,1001960,rerun,1
1963,453,main,3
1968,458,main,3
1972,462,main,3
1975,465,main,3
1982,467,main,3
1996,469,main,3
2002,468,main,3
2006,478,main,3
2010,473,main,3
2015,479,main,3
2019,476,main,3
2035,484,main,3
2046,1002046,rerun,2
2048,485,main,3
2050,487,main,3
2052,489,main,3
2054,488,main,3
2055,490,main,3
2080,1002080,rerun,2
2086,498,main,3
2095,505,main,3
2104,502,main,3
2108,501,main,3
2111,497,main,3
2116,506,main,3
2125,503,main,3
2136,509,main,3
2154,1002154,rerun,2
2156,510,main,3
2168,516,main,3
2169,518,main,3
2173,519,main,3
2174,514,main,3
2179,517,main,3
2180,513,main,3
2191,1002191,rerun,2
2192,1002192,rerun,2
2193,521,main,3
2205,1002205,rerun,2
2230,528,main,3
2237,1002237,rerun,2
2238,1002238,rerun,2
2253,536,main,3
2263,530,main,3
2264,1002264,rerun,1
2268,538,main,3
2269,535,main,3
2287,539,main,3
2291,1002291,rerun,2
2293,1002293,rerun,2
2299,541,main,3
2303,543,main,3
2308,545,main,3
2318,1002318,rerun,1
2345,549,main,3
2353,1002353,rerun,2
2358,550,main,3
2379,558,main,3
2385,554,main,3
2400,1002400,rerun,2
2402,556,main,3
2427,568,main,3
2443,563,main,3
2454,565,main,3
2467,569,main,3
2469,567,main,3
2471,1002471,rerun,1
2472,1002472,rerun,2
2483,573,main,3
2508,574,main,3
2509,579,main,3
2516,581,main,3
2538,585,main,3
2552,590,main,3
2554,584,main,3
2559,588,main,3
2560,1002560,rerun,2
2561,582,main,3
2565,587,main,3
2577,1002577,rerun,2
2579,1002579,rerun,2
2582,596,main,3
2586,595,main,3
2598,1002598,rerun,1
2617,600,main,3
2634,1002634,rerun,1
2635,608,main,3
2637,602,main,3
2638,603,main,3
2641,610,main,3
2642,609,main,3
2648,613,main,3
2653,1002653,rerun,2
2663,611,main,3
2665,616,main,3
2666,612,main,3
2675,1002675,rerun,2
2681,1002681,rerun,2
2695,617,main,3
2702,1002702,rerun,2
2706,618,main,3
2709,628,main,3
2717,620,main,3
2732,626,main,3
2741,630,main,3
2751,632,main,3
2760,633,main,3
2762,639,main,3
2769,1002769,rerun,2
2773,1002773,rerun,2
2775,1002775,rerun,2
2791,640,main,3
2793,644,main,3
2794,1002794,rerun,2
2799,642,main,3
2801,643,main,3
2803,651,main,3
2808,1002808,rerun,1
2810,648,main,3
2817,647,main,3
2829,662,main,3
2830,652,main,3
2833,654,main,3
2838,653,main,3
2849,658,main,3
2863,1002863,rerun,2
2866,661,main,3
2870,1002870,rerun,2
2871,665,main,3
2880,1002880,rerun,2
2891,667,main,3
2901,673,main,3
2910,1002910,rerun,2
2912,1002912,rerun,2
2913,1002913,rerun,2
2917,677,main,3
2918,679,main,3
2920,1002920,rerun,1
2921,676,main,3
2925,675,main,3
2927,678,main,3
2929,684,main,3
2930,680,main,3
2931,682,main,3
2933,681,main,3
2944,683,main,3
2966,1002966,rerun,2
2968,696,main,3
2970,698,main,3
2975,689,main,3
2978,693,main,3
2992,695,main,3
3001,701,main,3
3006,1003006,rerun,2
3011,1003011,rerun,2
3015,705,main,3
3017,702,main,3
3019,709,main,3
3020,1003020,rerun,2
3025,706,main,3
3037,711,main,3
3039,708,main,3
3041,710,main,3
3042,1003042,rerun,2
3044,1003044,rerun,2
3058,714,main,3
3062,712,main,3
3063,716,main,3
3065,715,main,3
3066,720,main,3
3068,717,main,3
3081,719,main,3
3084,725,main,3
3087,724,main,3
3089,721,main,3
3096,1003096,rerun,2
3099,726,main,3
3101,722,main,3
3102,1003102,rerun,1
3117,731,main,3
3131,733,main,3
3132,736,main,3
3145,1003145,rerun,2
3147,737,main,3
3155,739,main,3
3157,740,main,3
3178,742,main,3
3183,744,main,3
3197,748,main,3
3201,747,main,3
3211,750,main,3
3216,1003216,rerun,2
3217,753,main,3
3224,1003224,rerun,2
3232,752,main,3
3246,758,main,3
3247,1003247,rerun,2
3249,757,main,3
3256,1003256,rerun,1
3258,1003258,rerun,2
3260,759,main,3
3266,1003266,rerun,1
3277,766,main,3
3286,770,main,3
3295,768,main,3
3296,774,main,3
3301,771,main,3
3304,772,main,3
3305,773,main,3
3319,777,main,3
3325,1003325,rerun,2
3330,1003330,rerun,2
3340,1003340,rerun,2
3349,783,main,3
3351,781,main,3
3353,786,main,3
3354,785,main,3
3356,787,main,3
3359,788,main,3
3378,1003378,rerun,2
3384,792,main,3
3404,797,main,3
3414,798,main,3
3415,800,main,3
3416,795,main,3
3420,802,main,3
3421,803,main,3
3428,1003428,rerun,2
3438,806,main,3
3439,805,main,3
3441,801,main,3
3443,1003443,rerun,2
3454,807,main,3
3455,1003455,rerun,2
3456,1003456,rerun,2
3458,811,main,3
3467,809,main,3
3482,814,main,3
3497,1003497,rerun,2
3509,817,main,3
3517,822,main,3
3521,821,main,3
3522,823,main,3
3530,828,main,3
3532,824,main,3
3544,827,main,3
3552,1003552,rerun,2
3556,835,main,3
3562,833,main,3
3566,836,main,3
3568,838,main,3
3587,1003587,rerun,2
3588,1003588,rerun,1
3589,841,main,3
3606,846,main,3
3608,845,main,3
3609,849,main,3
3611,1003611,rerun,2
3615,851,main,3
3628,847,main,3
3629,854,main,3
3630,858,main,3
3636,848,main,3
3638,852,main,3
3651,850,main,3
3652,1003652,rerun,2
3661,855,main,3
3664,862,main,3
3667,861,main,3
3668,859,main,3
3677,863,main,3
3684,869,main,3
3687,866,main,3
3698,878,main,3
3700,872,main,3
3714,870,main,3
3715,875,main,3
3717,868,main,3
3719,877,main,3
3720,1003720,rerun,2
3726,879,main,3
3730,874,main,3
3734,882,main,3
3739,1003739,rerun,2
3747,1003747,rerun,2
3748,883,main,3
3757,885,main,3
3758,884,main,3
3760,886,main,3
3765,896,main,3
3771,1003771,rerun,2
3779,887,main,3
3780,891,main,3
3800,897,main,3
3806,894,main,3
3812,898,main,3
3813,1003813,rerun,2
3819,901,main,3
3820,899,main,3
3823,900,main,3
3833,905,main,3
3836,902,main,3
3838,906,main,3
3840,1003840,rerun,2
3848,914,main,3
3851,1003851,rerun,1
3872,920,main,3
3875,916,main,3
3886,921,main,3
3887,922,main,3
3896,1003896,rerun,2
3899,923,main,3
3900,919,main,3
3906,927,main,3
3919,928,main,3
3928,929,main,3
3933,1003933,rerun,2
3948,932,main,3
3952,933,main,3
3957,1003957,rerun,2
3961,1003961,rerun,2
3962,936,main,3
3964,941,main,3
3965,946,main,3
3972,942,main,3
3994,945,main,3
4002,949,main,3
4038,1004038,rerun,2
4040,953,main,3
4044,952,main,3
4045,955,main,3
4053,1004053,rerun,2
4059,1004059,rerun,2
4060,957,main,3
4066,1004066,rerun,2
4070,958,main,3
4083,959,main,3
4087,960,main,3
4097,963,main,3
4104,962,main,3
4108,1004108,rerun,2
4119,1004119,rerun,2
4120,1004120,rerun,2
4133,968,main,3
4135,1004135,rerun,2
4148,974,main,3
4159,977,main,3
4164,975,main,3
4166,978,main,3
4176,982,main,3
4178,979,main,3
4179,981,main,3
4184,1004184,rerun,2
4195,986,main,3
4204,987,main,3
4205,988,main,3
4208,989,main,3
4209,991,main,3
4217,990,main,3
4219,1004219,rerun,1
4221,1001,main,3
4236,998,main,3
4238,1004238,rerun,2
4253,994,main,3
4256,1004256,rerun,2
4260,1000,main,3
4279,1004,main,3
4281,1002,main,3
4293,1006,main,3
4301,1008,main,3
4304,1005,main,3
4307,1004307,rerun,1
4309,1009,main,3
4322,1012,main,3
4326,1004326,rerun,2
4331,1015,main,3
4334,1014,main,3
4341,1019,main,3
4343,1018,main,3
4344,1022,main,3
4350,1020,main,3
4369,1026,main,3
4380,1032,main,3
4402,1033,main,3
4405,1035,main,3
4407,1034,main,3
4408,1037,main,3
4412,1039,main,3
4428,1042,main,3
4459,1047,main,3
4461,1004461,rerun,2
4463,1053,main,3
4471,1051,main,3
4472,1048,main,3
4475,1055,main,3
4481,1056,main,3
4492,1004492,rerun,2
4514,1062,main,3
4519,1060,main,3
4523,1004523,rerun,2
4524,1065,main,3
4527,1063,main,3
4530,1064,main,3
4538,1067,main,3
4540,1004540,rerun,2
4544,1066,main,3
4550,1069,main,3
4551,1071,main,3
4557,1004557,rerun,2
4577,1068,main,3
4596,1073,main,3
4599,1076,main,3
4633,1083,main,3
4642,1084,main,3
4644,1082,main,3
4650,1085,main,3
4661,1004661,rerun,2
4667,1094,main,3
4674,1090,main,3
4678,1095,main,3
4680,1087,main,3
4686,1096,main,3
4691,1097,main,3
4703,1004703,rerun,2
4724,1102,main,3
4743,1099,main,3
4748,1108,main,3
4752,1107,main,3
4769,1103,main,3
4773,1110,main,3
4783,1004783,rerun,1
4790,1116,main,3
4801,1121,main,3
4806,1120,main,3
4812,1122,main,3
4820,1004820,rerun,2
4831,1004831,rerun,2
4842,1004842,rerun,2
4848,1125,main,3
4862,1127,main,3
4877,1133,main,3
4888,1135,main,3
4899,1141,main,3
4913,1138,main,3
4942,1004942,rerun,2
4953,1004953,rerun,2
4956,1146,main,3
4969,1004969,rerun,2
4973,1145,main,3
4976,1144,main,3
5002,1005002,rerun,1
5003,1149,main,3
5005,1152,main,3
5012,1005012,rerun,2
5013,1151,main,3
5015,1157,main,3
5016,1005016,rerun,2
5021,1155,main,3
5037,1005037,rerun,1
5048,1163,main,3
5056,1005056,rerun,1
5057,1158,main,3
5065,1005065,rerun,2
5074,1164,main,3
5078,1167,main,3
5087,1168,main,3
5096,1170,main,3
5100,1173,main,3
5103,1172,main,3
5106,1174,main,3
5115,1176,main,3
5123,1179,main,3
5136,1177,main,3
5145,1178,main,3
5151,1184,main,3
5156,1182,main,3
5167,1185,main,3
5174,1188,main,3
5175,1190,main,3
5181,1189,main,3
5210,1193,main,3
5225,1197,main,3
5240,1195,main,3
5241,1199,main,3
5245,1201,main,3
5253,1208,main,3
5281,1213,main,3
5289,1214,main,3
5290,1220,main,3
5294,1005294,rerun,2
5299,1216,main,3
5300,1005300,rerun,1
5311,1005311,rerun,2
5319,1223,main,3
5324,1221,main,3
5328,1005328,rerun,2
5345,1005345,rerun,2
5352,1228,main,3
5354,1227,main,3
5356,1229,main,3
5362,1230,main,3
5369,1005369,rerun,1
5372,1234,main,3
5377,1005377,rerun,2
5386,1236,main,3
5392,1238,main,3
5394,1241,main,3
5400,1243,main,3
5401,1239,main,3
5411,1245,main,3
5422,1248,main,3
5424,1247,main,3
5427,1005427,rerun,2
5429,1246,main,3
5430,1005430,rerun,2
5434,1005434,rerun,2
5436,1255,main,3
5441,1005441,rerun,1
5446,1254,main,3
5451,1252,main,3
5457,1258,main,3
5459,1256,main,3
5464,1257,main,3
5473,1264,main,3
5477,1260,main,3
5479,1005479,rerun,2
5481,1266,main,3
5487,1262,main,3
5499,1269,main,3
5501,1005501,rerun,2
5502,1005502,rerun,2
5503,1268,main,3
5505,1267,main,3
5506,1272,main,3
5509,1271,main,3
5516,1270,main,3
5523,1274,main,3
5525,1276,main,3
5540,1278,main,3
5556,1280,main,3
5559,1005559,rerun,2
5560,1005560,rerun,2
5566,1281,main,3
5571,1286,main,3
5575,1287,main,3
5587,1290,main,3
5592,1291,main,3
5594,1005594,rerun,2
5598,1292,main,3
5603,1288,main,3
5615,1299,main,3
5618,1294,main,3
5622,1300,main,3
5626,1298,main,3
5629,1005629,rerun,2
5630,1304,main,3
5654,1005654,rerun,2
5666,1312,main,3
5675,1308,main,3
5679,1005679,rerun,1
5682,1005682,rerun,2
5684,1005684,rerun,2
5687,1320,main,3
5698,1315,main,3
5699,1314,main,3
5700,1317,main,3
5717,1325,main,3
5726,1324,main,3
5728,1326,main,3
5737,1323,main,3
5755,1331,main,3
5757,1333,main,3
5773,1339,main,3
5777,1005777,rerun,2
5790,1334,main,3
5791,1340,main,3
5794,1343,main,3
5797,1005797,rerun,1
5810,1341,main,3
5823,1347,main,3
5833,1348,main,3
5834,1350,main,3
5838,1005838,rerun,2
5846,1362,main,3
5848,1355,main,3
5865,1359,main,3
5869,1360,main,3
5877,1364,main,3
5895,1369,main,3
5920,1375,main,3
5932,1372,main,3
5935,1377,main,3
5944,1381,main,3
5950,1379,main,3
5954,1378,main,3
5959,1376,main,3
5962,1005962,rerun,2
5969,1380,main,3
5992,1384,main,3
5994,1386,main,3
6006,1006006,rerun,2
6008,1389,main,3
6015,1390,main,3
6027,1396,main,3
6036,1392,main,3
6046,1401,main,3
6049,1399,main,3
6079,1403,main,3
6080,1407,main,3
6083,1402,main,3
6093,1409,main,3
6101,1414,main,3
6107,1413,main,3
6112,1415,main,3
6124,1417,main,3
6130,1421,main,3
6131,1419,main,3
6140,1423,main,3
6144,1425,main,3
6147,1428,main,3
6148,1426,main,3
6149,1427,main,3
6154,1432,main,3
6161,1429,main,3
6179,1435,main,3
6182,1006182,rerun,1
6185,1431,main,3
6195,1441,main,3
6210,1444,main,3
6224,1006224,rerun,2
6246,1006246,rerun,2
6248,1447,main,3
6257,1006257,rerun,2
6270,1450,main,3
6272,1451,main,3
6273,1006273,rerun,2
6285,1006285,rerun,2
6289,1452,main,3
6303,1449,main,3
6305,1460,main,3
6307,1456,main,3
6318,1459,main,3
6322,1464,main,3
6332,1465,main,3
6333,1006333,rerun,1
6350,1469,main,3
6358,1006358,rerun,2
6371,1468,main,3
6372,1006372,rerun,1
6376,1470,main,3
6385,1472,main,3
6387,1477,main,3
6388,1476,main,3
6401,1474,main,3
6403,1006403,rerun,2
6431,1482,main,3
6444,1486,main,3
6445,1487,main,3
6447,1006447,rerun,1
6449,1484,main,3
6451,1490,main,3
6468,1491,main,3
6469,1006469,rerun,2
6470,1488,main,3
6472,1493,main,3
6474,1495,main,3
6476,1499,main,3
6480,1006480,rerun,2
6492,1006492,rerun,2
6496,1498,main,3
6506,1006506,rerun,2
6507,1500,main,3
6516,1506,main,3
6528,1507,main,3
6547,1508,main,3
6551,1006551,rerun,2
6556,1511,main,3
6563,1512,main,3
6567,1006567,rerun,2
6568,1515,main,3
6569,1510,main,3
6572,1006572,rerun,2
6581,1514,main,3
6590,1006590,rerun,2
6610,1522,main,3
6621,1523,main,3
6628,1524,main,3
6631,1519,main,3
6641,1006641,rerun,1
6645,1006645,rerun,1
6648,1526,main,3
6650,1530,main,3
6658,1006658,rerun,2
6662,1537,main,3
6665,1535,main,3
6671,1538,main,3
6682,1542,main,3
6685,1549,main,3
6687,1546,main,3
6689,1541,main,3
6698,1544,main,3
6702,1006702,rerun,2
6705,1545,main,3
6709,1006709,rerun,2
6712,1555,main,3
6715,1006715,rerun,2
6722,1548,main,3
6725,1556,main,3
6727,1561,main,3
6728,1552,main,3
6735,1557,main,3
6741,1006741,rerun,2
6754,1560,main,3
6780,1006780,rerun,2
6804,1569,main,3
6810,1577,main,3
6818,1572,main,3
6848,1583,main,3
6849,1580,main,3
6850,1582,main,3
6859,1585,main,3
6873,1593,main,3
6890,1006890,rerun,2
6892,1006892,rerun,2
6903,1595,main,3
6908,1006908,rerun,2
6930,1006930,rerun,2
6941,1602,main,3
6949,1006949,rerun,2
6969,1609,main,3
6973,1006973,rerun,2
6975,1006975,rerun,2
6981,1606,main,3
6985,1006985,rerun,2
6987,1610,main,3
7000,1613,main,3
7003,1615,main,3
7008,1614,main,3
7018,1618,main,3
7032,1007032,rerun,2
7043,1626,main,3
7046,1624,main,3
7055,1628,main,3
7056,1627,main,3
7066,1007066,rerun,2
7069,1629,main,3
7072,1631,main,3
7073,1630,main,3
7077,1632,main,3
7078,1638,main,3
7081,1635,main,3
7083,1007083,rerun,1
7086,1634,main,3
7087,1633,main,3
7095,1641,main,3
7097,1644,main,3
7120,1647,main,3
7131,1007131,rerun,1
7163,1657,main,3
7167,1007167,rerun,1
7171,1660,main,3
7181,1658,main,3
7182,1655,main,3
7184,1659,main,3
7191,1661,main,3
7194,1667,main,3
7196,1662,main,3
7203,1007203,rerun,2
7216,1007216,rerun,2
7222,1669,main,3
7225,1673,main,3
7230,1676,main,3
7232,1675,main,3
7233,1677,main,3
7240,1682,main,3
7241,1681,main,3
7242,1679,main,3
7251,1007251,rerun,2
7254,1678,main,3
7255,1007255,rerun,2
7256,1007256,rerun,1
7258,1683,main,3
7266,1687,main,3
7277,1688,main,3
7280,1007280,rerun,1
7287,1689,main,3
7306,1694,main,3
7310,1695,main,3
7313,1691,main,3
7315,1701,main,3
7317,1693,main,3
7319,1007319,rerun,2
7320,1699,main,3
7324,1007324,rerun,1
7334,1007334,rerun,2
7364,1704,main,3
7368,1709,main,3
7383,1713,main,3
7387,1712,main,3
7388,1715,main,3
7390,1711,main,3
7392,1007392,rerun,2
7399,1719,main,3
7410,1720,main,3
7419,1721,main,3
7423,1007423,rerun,2
7438,1726,main,3
7446,1007446,rerun,2
7457,1725,main,3
7458,1007458,rerun,1
7460,1724,main,3
7464,1007464,rerun,1
7466,1007466,rerun,1
7470,1007470,rerun,1
7471,1007471,rerun,2
7485,1007485,rerun,2
7498,1007498,rerun,2
7501,1732,main,3
7509,1729,main,3
7520,1731,main,3
7535,1737,main,3
7541,1739,main,3
7552,1007552,rerun,2
7560,1745,main,3
7568,1744,main,3
7571,1007571,rerun,1
7587,1750,main,3
7594,1754,main,3
7599,1007599,rerun,2
7601,1749,main,3
7608,1753,main,3
7615,1755,main,3
7642,1761,main,3
7647,1007647,rerun,2
7649,1765,main,3
7659,1763,main,3
7661,1762,main,3
7662,1766,main,3
7664,1007664,rerun,1
7675,1768,main,3
7681,1007681,rerun,2
7688,1771,main,3
7696,1007696,rerun,2
7709,1007709,rerun,2
7715,1007715,rerun,2
7716,1007716,rerun,1
7718,1774,main,3
7725,1790,main,3
7732,1775,main,3
7740,1782,main,3
7755,1787,main,3
7759,1788,main,3
7764,1007764,rerun,2
7765,1784,main,3
7771,1786,main,3
7777,1793,main,3
7778,1785,main,3
7783,1792,main,3
7791,1795,main,3
7808,1007808,rerun,2
7813,1797,main,3
7816,1800,main,3
7840,1806,main,3
7845,1007845,rerun,2
7862,1805,main,3
7868,1807,main,3
7887,1007887,rerun,2
7889,1810,main,3
7890,1811,main,3
7892,1812,main,3
7896,1813,main,3
7898,1815,main,3
7899,1007899,rerun,2
7900,1814,main,3
7903,1817,main,3
7908,1818,main,3
7917,1819,main,3
7925,1821,main,3
7929,1820,main,3
7933,1822,main,3
7942,1007942,rerun,2
7949,1823,main,3
7961,1007961,rerun,1
7973,1826,main,3
7974,1829,main,3
7976,1827,main,3
7982,1831,main,3
7985,1833,main,3
7986,1828,main,3
7990,1830,main,3
7996,1835,main,3
8010,1838,main,3
8013,1841,main,3
8017,1842,main,3
8030,1008030,rerun,2
8034,1008034,rerun,2
8039,1851,main,3
8045,1849,main,3
8048,1850,main,3
8050,1859,main,3
8056,1858,main,3
8072,1854,main,3
8074,1860,main,3
8075,1862,main,3
8077,1855,main,3
8080,1008080,rerun,2
8086,1864,main,3
8088,1008088,rerun,2
8090,1863,main,3
8096,1869,main,3
8098,1866,main,3
8106,1871,main,3
8109,1008109,rerun,2
8114,1008114,rerun,2
8129,1008129,rerun,2
8144,1878,main,3
8145,1879,main,3
8161,1880,main,3
8164,1881,main,3
8167,1885,main,3
8170,1884,main,3
8172,1008172,rerun,2
8176,1008176,rerun,2
8182,1886,main,3
8190,1008190,rerun,2
8202,1887,main,3
8203,1008203,rerun,2
8204,1008204,rerun,2
8205,1008205,rerun,2
8208,1892,main,3
8218,1008218,rerun,2
8229,1894,main,3
8248,1900,main,3
8249,1897,main,3
8250,1899,main,3
8252,1902,main,3
8253,1008253,rerun,2
8256,1904,main,3
8265,1008265,rerun,2
8289,1911,main,3
8292,1912,main,3
8296,1909,main,3
8298,1008298,rerun,2
8301,1910,main,3
8306,1914,main,3
8312,1913,main,3
8337,1008337,rerun,2
8340,1008340,rerun,1
8347,1919,main,3
8352,1917,main,3
8353,1920,main,3
8354,1918,main,3
8363,1008363,rerun,1
8379,1930,main,3
8387,1927,main,3
8394,1008394,rerun,2
8396,1928,main,3
8406,1934,main,3
8407,1008407,rerun,2
8408,1935,main,3
8419,1940,main,3
8421,1937,main,3
8435,1008435,rerun,2
8439,1942,main,3
8442,1943,main,3
8444,1008444,rerun,2
8445,1941,main,3
8453,1008453,rerun,2
8457,1008457,rerun,2
8460,1949,main,3
8467,1945,main,3
8480,1952,main,3
8483,1950,main,3
8486,1948,main,3
8494,1008494,rerun,2
8497,1953,main,3
8501,1951,main,3
8503,1008503,rerun,2
8508,1008508,rerun,1
8513,1008513,rerun,2
8518,1955,main,3
8525,1954,main,3
8534,1008534,rerun,2
8550,1962,main,3
8551,1958,main,3
8552,1008552,rerun,1
8558,1008558,rerun,2
8569,1961,main,3
8575,1008575,rerun,2
8577,1965,main,3
8592,1969,main,3
8601,1966,main,3
8605,1970,main,3
8606,1968,main,3
8615,1973,main,3
8617,1008617,rerun,2
8621,1971,main,3
8626,1980,main,3
8631,1978,main,3
8632,1008632,rerun,2
8639,1984,main,3
8642,1008642,rerun,1
8649,1981,main,3
8661,1985,main,3
8666,1988,main,3
8667,1983,main,3
8671,1008671,rerun,2
8699,1008699,rerun,1
8701,1008701,rerun,2
8705,1993,main,3
8717,1995,main,3
8720,1994,main,3
8721,1996,main,3
8725,1997,main,3
8727,2001,main,3
8741,1008741,rerun,2
8754,2004,main,3
8761,2005,main,3
8788,2014,main,3
8789,2010,main,3
8796,2008,main,3
8798,2015,main,3
8801,2020,main,3
8811,2013,main,3
8812,1008812,rerun,2
8826,2017,main,3
8827,1008827,rerun,2
8831,2026,main,3
8843,2029,main,3
8845,2032,main,3
8850,2034,main,3
8855,2036,main,3
8856,2030,main,3
8865,2037,main,3
8866,2038,main,3
8872,1008872,rerun,1
8875,1008875,rerun,2
8886,2042,main,3
8888,1008888,rerun,2
8900,2041,main,3
8902,2043,main,3
8907,2049,main,3
8910,2050,main,3
8919,2046,main,3
8924,2048,main,3
8943,2051,main,3
8957,2052,main,3
8959,2053,main,3
8964,2055,main,3
8993,2063,main,3
8997,2061,main,3
9005,2066,main,3
9012,1009012,rerun,2
9019,2060,main,3
9026,2067,main,3
9035,2064,main,3
9036,2071,main,3
9039,1009039,rerun,2
9048,2068,main,3
9058,2074,main,3
9066,2077,main,3
9070,2078,main,3
9071,1009071,rerun,2
9081,1009081,rerun,1
9103,2080,main,3
9125,2083,main,3
9127,2085,main,3
9128,2087,main,3
9129,1009129,rerun,1
9135,1009135,rerun,1
9137,2086,main,3
9142,2092,main,3
9147,2090,main,3
9153,1009153,rerun,2
9160,2097,main,3
9165,2094,main,3
9169,2099,main,3
9173,2095,main,3
9180,2104,main,3
9186,2100,main,3
9187,2102,main,3
9195,2103,main,3
9201,2106,main,3
9203,2105,main,3
9220,2111,main,3
9221,2108,main,3
9223,1009223,rerun,1
9228,1009228,rerun,2
9232,2112,main,3
9236,2113,main,3
9243,1009243,rerun,2
9249,1009249,rerun,1
9261,2115,main,3
9266,2119,main,3
9268,2120,main,3
9270,1009270,rerun,2
9284,1009284,rerun,2
9285,2122,main,3
9286,1009286,rerun,2
9287,2127,main,3
9288,2129,main,3
9291,1009291,rerun,2
9295,2128,main,3
9297,2124,main,3
9308,2132,main,3
9316,2133,main,3
9321,2130,main,3
9324,2134,main,3
9337,1009337,rerun,2
9346,2140,main,3
9350,2139,main,3
9352,2142,main,3
9355,2136,main,3
9356,1009356,rerun,2
9363,2137,main,3
9364,1009364,rerun,2
9369,2144,main,3
9371,2145,main,3
9372,2146,main,3
9373,2141,main,3
9378,2149,main,3
9379,2150,main,3
9392,2152,main,3
9395,2153,main,3
9425,2157,main,3
9426,2159,main,3
9429,2158,main,3
9430,1009430,rerun,2
9432,2161,main,3
9437,2160,main,3
9446,1009446,rerun,2
9447,2163,main,3
9459,2164,main,3
9475,2169,main,3
9487,2166,main,3
9496,1009496,rerun,2
9504,2168,main,3
9514,1009514,rerun,2
9519,2177,main,3
9522,2175,main,3
9524,2170,main,3
9532,2174,main,3
9535,2180,main,3
9537,2181,main,3
9539,2178,main,3
9553,2183,main,3
9555,2182,main,3
9568,1009568,rerun,2
9569,2191,main,3
9582,1009582,rerun,1
9587,2196,main,3
9591,2189,main,3
9600,2190,main,3
9608,2197,main,3
9610,2192,main,3
9623,2198,main,3
9632,2204,main,3
9651,2203,main,3
9653,2205,main,3
9658,2207,main,3
9663,2214,main,3
9665,2211,main,3
9667,2210,main,3
9671,2208,main,3
9676,2213,main,3
9688,1009688,rerun,1
9689,1009689,rerun,1
9699,1009699,rerun,2
9701,1009701,rerun,2
9704,2220,main,3
9716,1009716,rerun,1
9723,2219,main,3
9733,1009733,rerun,2
9737,2226,main,3
9750,2222,main,3
9752,1009752,rerun,1
9766,1009766,rerun,2
9781,2234,main,3
9787,1009787,rerun,2
9815,2238,main,3
9826,2241,main,3
9830,2245,main,3
9836,2246,main,3
9837,2244,main,3
9841,2243,main,3
9844,2248,main,3
9862,2250,main,3
9878,1009878,rerun,1
9886,2252,main,3
9889,2254,main,3
9891,2251,main,3
9893,2257,main,3
9898,2255,main,3
9899,2260,main,3
9900,2256,main,3
9902,2262,main,3
9908,1009908,rerun,2
9909,1009909,rerun,2
9911,2258,main,3
9917,2259,main,3
9929,1009929,rerun,2
9933,2268,main,3
9941,2271,main,3
9954,2273,main,3
9968,2277,main,3
9970,1009970,rerun,2
9971,2276,main,3
9981,1009981,rerun,1
9984,2279,main,3
9989,1009989,rerun,2
9991,2281,main,3
9992,2283,main,3
9993,1009993,rerun,1
9995,2285,main,3
10000,2287,main,3
10004,2282,main,3
10007,2286,main,3
10011,2289,main,3
10016,2290,main,3
10021,1010021,rerun,1
10029,2297,main,3
10045,2294,main,3
10053,1010053,rerun,1
10057,2295,main,3
10058,2296,main,3
10070,2300,main,3
10079,2301,main,3
10086,1010086,rerun,2
10095,2304,main,3
10106,1010106,rerun,2
10115,1010115,rerun,2
10121,1010121,rerun,2
10122,2305,main,3
10128,2310,main,3
10133,2308,main,3
10138,2316,main,3
10142,1010142,rerun,2
10144,2315,main,3
10150,2314,main,3
10152,2309,main,3
10153,1010153,rerun,2
10160,2311,main,3
10163,1010163,rerun,2
10175,1010175,rerun,1
10180,2320,main,3
10182,2318,main,3
10183,1010183,rerun,2
10201,2322,main,3
10202,1010202,rerun,2
10206,2326,main,3
10209,2334,main,3
10210,2329,main,3
10213,2331,main,3
10227,1010227,rerun,2
10228,2333,main,3
10236,2336,main,3
10247,2340,main,3
10252,2337,main,3
10264,2338,main,3
10265,2341,main,3
10278,2350,main,3
10280,2347,main,3
10281,1010281,rerun,2
10292,2351,main,3
10298,2349,main,3
10302,2352,main,3
10305,2356,main,3
10306,2357,main,3
10322,2359,main,3
10339,2363,main,3
10340,1010340,rerun,1
10345,2360,main,3
10349,2362,main,3
10350,2372,main,3
10355,2361,main,3
10357,2365,main,3
10376,2373,main,3
10383,2366,main,3
10389,1010389,rerun,2
10390,2379,main,3
10393,2374,main,3
10397,2377,main,3
10400,2375,main,3
10404,1010404,rerun,2
10410,2380,main,3
10415,2378,main,3
10416,2383,main,3
10418,2388,main,3
10426,2381,main,3
10451,2392,main,3
10454,2394,main,3
10462,2395,main,3
10467,2399,main,3
10472,2404,main,3
10475,2400,main,3
10478,2398,main,3
10479,2396,main,3
10485,2401,main,3
10494,2407,main,3
10523,2409,main,3
10531,2408,main,3
10532,2413,main,3
10539,1010539,rerun,1
10542,2412,main,3
10544,2411,main,3
10550,1010550,rerun,2
10553,2416,main,3
10555,2414,main,3
10556,1010556,rerun,2
10559,1010559,rerun,2
10572,2425,main,3
10583,2421,main,3
10587,2423,main,3
10588,2415,main,3
10591,2420,main,3
10598,1010598,rerun,2
10600,2428,main,3
10601,2430,main,3
10603,2426,main,3
10607,2429,main,3
10611,2434,main,3
10613,2432,main,3
10617,2435,main,3
10619,2431,main,3
10620,2436,main,3
10623,2442,main,3
10624,2440,main,3
10629,2433,main,3
10634,2439,main,3
10636,2438,main,3
10637,2441,main,3
10645,2445,main,3
10652,2450,main,3
10653,1010653,rerun,1
10655,2447,main,3
10663,2458,main,3
10664,2449,main,3
10677,1010677,rerun,2
10688,1010688,rerun,2
10692,2452,main,3
10694,1010694,rerun,2
10704,1010704,rerun,1
10707,2455,main,3
10711,2462,main,3
10713,2457,main,3
10717,2459,main,3
10721,1010721,rerun,2
10723,2460,main,3
10732,2463,main,3
10735,2465,main,3
10738,1010738,rerun,2
10742,2464,main,3
10748,2472,main,3
10752,2473,main,3
10757,2470,main,3
10759,2469,main,3
10760,2471,main,3
10765,2476,main,3
10767,2477,main,3
10781,2475,main,3
10783,2483,main,3
10785,2478,main,3
10787,2474,main,3
10801,1010801,rerun,1
10818,1010818,rerun,2
10840,1010840,rerun,2
10843,2488,main,3
10852,2491,main,3
10859,2495,main,3
10860,2498,main,3
10864,1010864,rerun,2
10868,1010868,rerun,2
10869,2496,main,3
10871,1010871,rerun,1
10877,2497,main,3
10878,1010878,rerun,2
10881,1010881,rerun,2
10887,2503,main,3
10891,1010891,rerun,2
10896,2501,main,3
10898,2502,main,3
10902,2505,main,3
10906,2506,main,3
10907,2507,main,3
10908,2509,main,3
10913,1010913,rerun,2
10914,1010914,rerun,1
10931,2513,main,3
10942,1010942,rerun,1
10955,2515,main,3
10965,2521,main,3
10966,1010966,rerun,1
10969,2516,main,3
10974,2517,main,3
10981,1010981,rerun,1
10991,2522,main,3
10996,1010996,rerun,2
11003,1011003,rerun,1
11006,2523,main,3
11011,2526,main,3
11017,2524,main,3
11018,2528,main,3
11026,2531,main,3
11027,2527,main,3
11036,2532,main,3
11045,2539,main,3
11046,2535,main,3
11047,2536,main,3
11053,2537,main,3
11064,2542,main,3
11068,2543,main,3
11070,2544,main,3
11075,1011075,rerun,2
11089,2549,main,3
11097,1011097,rerun,2
11098,2546,main,3
11099,1011099,rerun,1
11104,1011104,rerun,1
11105,2550,main,3
11111,2548,main,3
11119,2551,main,3
11121,1011121,rerun,2
11125,2554,main,3
11134,1011134,rerun,2
11135,1011135,rerun,1
11136,2557,main,3
11139,2553,main,3
11142,2558,main,3
11152,2561,main,3
11155,2564,main,3
11165,2559,main,3
11167,1011167,rerun,2
11169,2563,main,3
11170,2568,main,3
11184,1011184,rerun,1
11185,2573,main,3
11194,2571,main,3
11204,2574,main,3
11210,2576,main,3
11212,2575,main,3
11216,2570,main,3
11227,2581,main,3
11229,1011229,rerun,2
11238,1011238,rerun,2
11243,2585,main,3
11245,2584,main,3
11247,2586,main,3
11248,2582,main,3
11258,1011258,rerun,1
11265,2588,main,3
11270,1011270,rerun,2
11277,1011277,rerun,2
11280,2591,main,3
11282,1011282,rerun,2
11290,2599,main,3
11294,2596,main,3
11297,2598,main,3
11306,2602,main,3
11315,1011315,rerun,2
11320,2605,main,3
11321,2607,main,3
11324,2604,main,3
11327,2606,main,3
11338,2608,main,3
11342,2613,main,3
11345,2610,main,3
11348,1011348,rerun,2
11361,2616,main,3
11389,1011389,rerun,1
11398,2626,main,3
11405,2628,main,3
11411,2632,main,3
11436,1011436,rerun,2
11440,2634,main,3
11441,2633,main,3
11444,2630,main,3
11462,2642,main,3
11463,2635,main,3
11474,2638,main,3
11480,1011480,rerun,2
11481,2639,main,3
11486,2645,main,3
11488,1011488,rerun,2
11489,2647,main,3
11499,2646,main,3
11524,2648,main,3
11534,2657,main,3
11535,2652,main,3
11540,2656,main,3
11542,1011542,rerun,2
11544,2654,main,3
11549,2653,main,3
11554,1011554,rerun,2
11558,2658,main,3
11568,2662,main,3
11570,2660,main,3
11572,1011572,rerun,2
11576,2661,main,3
11579,1011579,rerun,2
11597,2667,main,3
11599,2663,main,3
11603,1011603,rerun,2
11615,2670,main,3
11626,2669,main,3
11630,2671,main,3
11631,1011631,rerun,2
11640,2674,main,3
11663,2677,main,3
11672,1011672,rerun,1
11679,2684,main,3
11682,2683,main,3
11685,2682,main,3
11692,1011692,rerun,2
11696,2692,main,3
11700,2686,main,3
11707,2687,main,3
11708,2690,main,3
11714,1011714,rerun,2
11723,2691,main,3
11728,2700,main,3
11732,2699,main,3
11747,1011747,rerun,2
11752,1011752,rerun,2
11755,1011755,rerun,2
11756,2704,main,3
11758,2710,main,3
11760,1011760,rerun,2
11762,2707,main,3
11765,2706,main,3
11766,2709,main,3
11770,2708,main,3
11773,2713,main,3
11782,2712,main,3
11801,2721,main,3
11803,2718,main,3
11808,1011808,rerun,2
11809,2717,main,3
11810,2720,main,3
11822,1011822,rerun,2
11832,2722,main,3
11846,1011846,rerun,2
11849,2726,main,3
11852,2724,main,3
11853,1011853,rerun,2
11855,2728,main,3
11867,2727,main,3
11870,1011870,rerun,2
11876,2734,main,3
11880,2733,main,3
11885,1011885,rerun,2
11888,2735,main,3
11889,1011889,rerun,1
11892,2736,main,3
11908,1011908,rerun,2
11912,2742,main,3
11926,2750,main,3
11927,2741,main,3
11928,2739,main,3
11932,2743,main,3
11955,2754,main,3
11969,1011969,rerun,2
11979,2755,main,3
11983,2765,main,3
11986,2760,main,3
11989,2757,main,3
11998,2764,main,3
12000,2762,main,3
12003,2763,main,3
12010,2766,main,3
12012,1012012,rerun,2
12014,2767,main,3
12015,1012015,rerun,1
12020,2769,main,3
12028,2772,main,3
12036,2773,main,3
12043,2775,main,3
12045,2776,main,3
12046,2779,main,3
12076,2785,main,3
12082,1012082,rerun,2
12094,2792,main,3
12096,2784,main,3
12102,1012102,rerun,2
12124,1012124,rerun,2
12127,2793,main,3
12144,1012144,rerun,1
12147,2798,main,3
12149,1012149,rerun,2
12154,2796,main,3
12158,2799,main,3
12159,1012159,rerun,2
12162,2800,main,3
12168,2802,main,3
12182,1012182,rerun,1
12199,1012199,rerun,2
12204,2805,main,3
12217,1012217,rerun,2
12227,2807,main,3
12253,2815,main,3
12260,2812,main,3
12261,1012261,rerun,2
12265,2810,main,3
12276,2820,main,3
12293,2818,main,3
12314,2824,main,3
12318,2827,main,3
12320,2822,main,3
12327,2828,main,3
12331,2839,main,3
12339,2834,main,3
12349,1012349,rerun,2
12353,2832,main,3
12374,2842,main,3
12377,2843,main,3
12380,2841,main,3
12382,2838,main,3
12390,2844,main,3
12391,1012391,rerun,2
12398,2847,main,3
12399,2848,main,3
12410,2850,main,3
12421,2852,main,3
12431,1012431,rerun,2
12433,2855,main,3
12434,2860,main,3
12435,1012435,rerun,2
12442,2858,main,3
12445,2862,main,3
12458,2865,main,3
12460,2859,main,3
12461,2861,main,3
12463,1012463,rerun,1
12470,2863,main,3
12482,2866,main,3
12499,2872,main,3
12504,2871,main,3
12518,1012518,rerun,2
12522,2874,main,3
12526,2873,main,3
12536,1012536,rerun,1
12550,2879,main,3
12551,2877,main,3
12565,1012565,rerun,2
12573,1012573,rerun,1
12591,2883,main,3
12606,1012606,rerun,2
12607,2890,main,3
12612,1012612,rerun,2
12616,2892,main,3
12628,2894,main,3
12630,1012630,rerun,2
12632,2900,main,3
12635,2899,main,3
12640,2905,main,3
12643,2901,main,3
12652,1012652,rerun,2
12663,2906,main,3
12666,1012666,rerun,2
12690,1012690,rerun,2
12698,1012698,rerun,2
12705,2910,main,3
12713,2911,main,3
12732,1012732,rerun,2
12743,1012743,rerun,2
12750,1012750,rerun,2
12755,1012755,rerun,2
12756,2920,main,3
12758,2919,main,3
12764,1012764,rerun,2
12766,2918,main,3
12769,2924,main,3
12773,1012773,rerun,2
12777,2928,main,3
12779,2926,main,3
12782,1012782,rerun,2
12783,1012783,rerun,2
12806,1012806,rerun,1
12810,1012810,rerun,1
12814,2941,main,3
12815,2937,main,3
12816,2933,main,3
12823,2938,main,3
12830,2936,main,3
