seed,verdict,reason,seconds
44,reject,Assert_connectivity_failed,3
49,reject,Attacker_not_available
Terminated,6
20,reject,Attacker_not_available
Terminated,6
48,reject,Attacker_not_available
Terminated,7
54,reject,Attacker_not_available
Terminated,6
8,accept,ok,27
30,accept,ok,29
26,accept,ok,30
34,accept,ok,30
27,accept,ok,32
51,accept,ok,29
2,accept,ok,33
5,accept,ok,33
32,accept,ok,34
18,accept,ok,34
7,accept,ok,34
10,accept,ok,34
16,accept,ok,35
13,accept,ok,35
45,accept,ok,36
12,accept,ok,36
81,reject,Assert_connectivity_failed,2
50,accept,ok,37
36,accept,ok,37
96,reject,Assert_connectivity_failed,4
55,accept,ok,36
42,accept,ok,44
56,accept,ok,33
106,reject,Attacker_not_available
Terminated,6
53,accept,ok,41
58,accept,ok,29
66,accept,ok,29
68,accept,ok,31
70,accept,ok,31
59,accept,ok,35
61,accept,ok,35
75,accept,ok,31
88,accept,ok,31
60,accept,ok,38
84,accept,ok,34
99,accept,ok,32
91,accept,ok,32
90,accept,ok,34
69,accept,ok,37
83,accept,ok,37
103,accept,ok,34
131,reject,Attacker_not_available
Terminated,6
145,reject,Assert_connectivity_failed,2
102,accept,ok,36
111,accept,ok,29
108,accept,ok,31
160,reject,Attacker_not_available
Terminated,5
110,accept,ok,33
107,accept,ok,37
114,accept,ok,34
169,reject,Attacker_not_available
Terminated,7
115,accept,ok,32
176,reject,Attacker_not_available
Terminated,6
116,accept,ok,30
120,accept,ok,28
132,accept,ok,26
121,accept,ok,31
127,accept,ok,31
129,accept,ok,32
134,accept,ok,30
118,accept,ok,37
203,reject,Assert_connectivity_failed,3
136,accept,ok,32
205,reject,Assert_connectivity_failed,3
144,accept,ok,32
166,accept,ok,30
143,accept,ok,35
148,accept,ok,33
162,accept,ok,32
173,accept,ok,27
167,accept,ok,35
170,accept,ok,32
142,accept,ok,43
168,accept,ok,37
171,accept,ok,34
229,reject,Attacker_not_available
Terminated,6
181,accept,ok,32
187,accept,ok,31
188,accept,ok,31
216,accept,ok,26
211,accept,ok,28
198,accept,ok,34
189,accept,ok,37
220,accept,ok,25
201,accept,ok,33
200,accept,ok,36
219,accept,ok,29
209,accept,ok,33
207,accept,ok,34
222,accept,ok,32
225,accept,ok,27
260,reject,Attacker_not_available
Terminated,5
212,accept,ok,38
221,accept,ok,36
224,accept,ok,32
227,accept,ok,31
271,reject,Assert_connectivity_failed,4
231,accept,ok,37
233,accept,ok,37
234,accept,ok,35
279,reject,Attacker_not_available
Terminated,7
285,reject,Attacker_not_available
Terminated,6
252,accept,ok,28
253,accept,ok,28
241,accept,ok,36
240,accept,ok,37
246,accept,ok,32
254,accept,ok,32
237,accept,ok,40
248,accept,ok,34
258,accept,ok,30
297,reject,Attacker_not_available
Terminated,6
251,accept,ok,37
298,reject,Attacker_not_available
Terminated,6
262,accept,ok,33
300,reject,Attacker_not_available
Terminated,6
256,accept,ok,39
272,accept,ok,32
266,accept,ok,35
315,reject,Attacker_not_available
Terminated,6
273,accept,ok,34
278,accept,ok,32
267,accept,ok,37
326,reject,Assert_connectivity_failed,4
325,reject,Attacker_not_available
Terminated,5
274,accept,ok,37
276,accept,ok,37
333,reject,Assert_connectivity_failed,3
329,reject,Attacker_not_available
Terminated,6
332,reject,Attacker_not_available
Terminated,6
286,accept,ok,29
291,accept,ok,26
347,reject,Assert_connectivity_failed,4
350,reject,Assert_connectivity_failed,3
292,accept,ok,32
296,accept,ok,31
294,accept,ok,32
307,accept,ok,29
301,accept,ok,32
361,reject,Assert_connectivity_failed,4
290,accept,ok,38
304,accept,ok,33
366,reject,Assert_connectivity_failed,4
367,reject,Attacker_not_available
Terminated,6
308,accept,ok,35
316,accept,ok,33
323,accept,ok,30
309,accept,ok,36
310,accept,ok,36
377,reject,Attacker_not_available
Terminated,5
330,accept,ok,33
335,accept,ok,31
336,accept,ok,30
327,accept,ok,35
345,accept,ok,29
348,accept,ok,29
339,accept,ok,33
355,accept,ok,29
346,accept,ok,35
398,reject,Attacker_not_available
Terminated,6
360,accept,ok,30
402,reject,Attacker_not_available
Terminated,7
406,reject,Assert_connectivity_failed,3
365,accept,ok,33
362,accept,ok,35
373,accept,ok,31
372,accept,ok,34
368,accept,ok,38
370,accept,ok,37
385,accept,ok,29
374,accept,ok,34
383,accept,ok,32
379,accept,ok,34
378,accept,ok,35
380,accept,ok,37
388,accept,ok,32
394,accept,ok,31
391,accept,ok,33
392,accept,ok,34
393,accept,ok,38
403,accept,ok,35
413,accept,ok,26
405,accept,ok,35
411,accept,ok,31
443,reject,Assert_connectivity_failed,3
410,accept,ok,36
409,accept,ok,38
445,reject,Attacker_not_available
Terminated,6
451,reject,Attacker_not_available
Terminated,7
414,accept,ok,37
416,accept,ok,34
422,accept,ok,31
420,accept,ok,33
418,accept,ok,33
417,accept,ok,36
415,accept,ok,38
412,accept,ok,45
472,reject,Assert_connectivity_failed,3
427,accept,ok,31
421,accept,ok,37
423,accept,ok,39
433,accept,ok,34
428,accept,ok,37
431,accept,ok,36
481,reject,Attacker_not_available
Terminated,6
480,reject,Attacker_not_available
Terminated,7
424,accept,ok,40
483,reject,Assert_connectivity_failed,4
487,reject,Assert_connectivity_failed,3
450,accept,ok,33
447,accept,ok,35
441,accept,ok,40
455,accept,ok,34
505,reject,Assert_connectivity_failed,4
501,reject,Attacker_not_available
Terminated,7
438,accept,ok,47
474,accept,ok,26
463,accept,ok,33
461,accept,ok,39
469,accept,ok,30
511,reject,Assert_connectivity_failed,3
465,accept,ok,35
467,accept,ok,35
466,accept,ok,36
479,accept,ok,34
476,accept,ok,37
471,accept,ok,40
492,accept,ok,32
494,accept,ok,31
484,accept,ok,36
495,accept,ok,33
488,accept,ok,39
496,accept,ok,36
532,reject,Attacker_not_available
Terminated,7
534,reject,Attacker_not_available
Terminated,7
490,accept,ok,40
503,accept,ok,32
499,accept,ok,37
512,accept,ok,31
514,accept,ok,31
506,accept,ok,35
509,accept,ok,35
554,reject,Assert_connectivity_failed,4
553,reject,Attacker_not_available
Terminated,6
523,accept,ok,36
527,accept,ok,32
510,accept,ok,40
516,accept,ok,38
528,accept,ok,32
524,accept,ok,40
529,accept,ok,35
530,accept,ok,33
525,accept,ok,41
540,accept,ok,27
542,accept,ok,28
578,reject,Assert_connectivity_failed,4
575,reject,Attacker_not_available
Terminated,6
544,accept,ok,30
539,accept,ok,31
537,accept,ok,36
536,accept,ok,38
552,accept,ok,36
555,accept,ok,32
549,accept,ok,41
563,accept,ok,32
597,reject,Assert_connectivity_failed,4
561,accept,ok,34
570,accept,ok,32
562,accept,ok,36
559,accept,ok,38
568,accept,ok,35
577,accept,ok,28
572,accept,ok,35
569,accept,ok,36
576,accept,ok,32
579,accept,ok,30
583,accept,ok,28
619,reject,Attacker_not_available
Terminated,8
590,accept,ok,30
581,accept,ok,33
587,accept,ok,32
573,accept,ok,42
588,accept,ok,34
591,accept,ok,36
585,accept,ok,42
595,accept,ok,34
600,accept,ok,29
596,accept,ok,35
601,accept,ok,34
607,accept,ok,33
615,accept,ok,31
616,accept,ok,32
617,accept,ok,33
626,accept,ok,32
629,accept,ok,28
651,reject,Attacker_not_available
Terminated,8
603,accept,ok,45
605,accept,ok,43
635,accept,ok,30
624,accept,ok,38
609,accept,ok,45
631,accept,ok,35
665,reject,Attacker_not_available
Terminated,6
627,accept,ok,40
632,accept,ok,36
666,reject,Attacker_not_available
Terminated,8
636,accept,ok,38
672,reject,Attacker_not_available
Terminated,7
644,accept,ok,33
637,accept,ok,42
642,accept,ok,37
646,accept,ok,36
648,accept,ok,35
689,reject,Attacker_not_available
Terminated,6
647,accept,ok,39
650,accept,ok,36
662,accept,ok,30
657,accept,ok,34
663,accept,ok,33
664,accept,ok,34
653,accept,ok,44
671,accept,ok,34
670,accept,ok,37
675,accept,ok,35
669,accept,ok,39
714,reject,Attacker_not_available
Terminated,6
681,accept,ok,33
676,accept,ok,37
678,accept,ok,36
673,accept,ok,38
685,accept,ok,37
683,accept,ok,39
690,accept,ok,30
695,accept,ok,29
692,accept,ok,30
688,accept,ok,37
737,reject,Attacker_not_available
Terminated,6
686,accept,ok,43
702,accept,ok,32
700,accept,ok,32
710,accept,ok,33
699,accept,ok,37
722,accept,ok,26
715,accept,ok,31
713,accept,ok,36
712,accept,ok,38
725,accept,ok,31
760,reject,Attacker_not_available
Terminated,6
719,accept,ok,36
728,accept,ok,31
727,accept,ok,34
729,accept,ok,32
733,accept,ok,35
720,accept,ok,38
736,accept,ok,31
770,reject,Attacker_not_available
Terminated,7
740,accept,ok,29
777,reject,Attacker_not_available
Terminated,6
741,accept,ok,29
738,accept,ok,36
752,accept,ok,29
739,accept,ok,40
748,accept,ok,36
753,accept,ok,34
756,accept,ok,34
751,accept,ok,38
805,reject,Assert_connectivity_failed,4
754,accept,ok,36
807,reject,Attacker_not_available
Terminated,6
810,reject,Attacker_not_available
Terminated,6
766,accept,ok,33
768,accept,ok,30
767,accept,ok,35
759,accept,ok,40
816,reject,Attacker_not_available
Terminated,7
774,accept,ok,36
779,accept,ok,35
780,accept,ok,33
786,accept,ok,32
775,accept,ok,39
790,accept,ok,33
783,accept,ok,36
792,accept,ok,36
781,accept,ok,39
829,reject,Attacker_not_available
Terminated,7
793,accept,ok,34
782,accept,ok,43
838,reject,Attacker_not_available
Terminated,6
804,accept,ok,32
800,accept,ok,34
812,accept,ok,32
797,accept,ok,43
815,accept,ok,30
822,accept,ok,30
814,accept,ok,37
826,accept,ok,27
821,accept,ok,32
825,accept,ok,35
831,accept,ok,31
834,accept,ok,31
830,accept,ok,34
837,accept,ok,32
828,accept,ok,37
850,accept,ok,28
845,accept,ok,30
844,accept,ok,32
827,accept,ok,47
856,accept,ok,32
883,reject,Attacker_not_available
Terminated,7
859,accept,ok,32
841,accept,ok,42
861,accept,ok,31
851,accept,ok,39
858,accept,ok,38
860,accept,ok,33
864,accept,ok,37
867,accept,ok,36
866,accept,ok,38
868,accept,ok,39
873,accept,ok,30
870,accept,ok,38
869,accept,ok,44
871,accept,ok,34
874,accept,ok,33
876,accept,ok,35
880,accept,ok,35
921,reject,Attacker_not_available
Terminated,6
877,accept,ok,36
923,reject,Attacker_not_available
Terminated,7
890,accept,ok,30
888,accept,ok,37
891,accept,ok,32
932,reject,Assert_connectivity_failed,2
905,accept,ok,27
894,accept,ok,33
898,accept,ok,34
911,accept,ok,35
895,accept,ok,36
893,accept,ok,45
904,accept,ok,41
916,accept,ok,33
913,accept,ok,38
925,accept,ok,30
924,accept,ok,32
912,accept,ok,45
926,accept,ok,32
919,accept,ok,39
918,accept,ok,41
927,accept,ok,34
955,reject,Attacker_not_available
Terminated,7
929,accept,ok,34
933,accept,ok,33
928,accept,ok,37
957,reject,Attacker_not_available
Terminated,8
937,accept,ok,32
935,accept,ok,36
970,reject,Attacker_not_available
Terminated,6
931,accept,ok,40
981,reject,Assert_connectivity_failed,4
940,accept,ok,30
941,accept,ok,30
934,accept,ok,40
986,reject,Assert_connectivity_failed,3
936,accept,ok,41
990,reject,Assert_connectivity_failed,3
939,accept,ok,37
998,reject,Assert_connectivity_failed,4
947,accept,ok,34
952,accept,ok,29
942,accept,ok,37
948,accept,ok,34
950,accept,ok,34
963,accept,ok,32
964,accept,ok,33
967,accept,ok,31
973,accept,ok,28
968,accept,ok,34
983,accept,ok,30
1019,reject,Attacker_not_available
Terminated,6
971,accept,ok,36
984,accept,ok,33
997,accept,ok,31
978,accept,ok,40
982,accept,ok,37
999,accept,ok,29
995,accept,ok,33
988,accept,ok,37
985,accept,ok,37
962,accept,ok,50
1035,reject,Attacker_not_available
Terminated,6
1044,reject,Assert_connectivity_failed,3
1033,reject,Attacker_not_available
Terminated,7
1005,accept,ok,32
1010,accept,ok,33
1054,reject,Assert_connectivity_failed,3
1001,accept,ok,37
1008,accept,ok,34
1011,accept,ok,32
1006,accept,ok,36
1012,accept,ok,31
1013,accept,ok,35
1015,accept,ok,36
1020,accept,ok,36
1026,accept,ok,36
1038,accept,ok,29
1072,reject,Attacker_not_available
Terminated,7
1024,accept,ok,39
1039,accept,ok,32
1040,accept,ok,33
1075,reject,Attacker_not_available
Terminated,6
1036,accept,ok,35
1048,accept,ok,33
1029,accept,ok,40
1051,accept,ok,34
1028,accept,ok,45
1055,accept,ok,31
1050,accept,ok,36
1066,accept,ok,31
1057,accept,ok,34
1062,accept,ok,35
1052,accept,ok,39
1098,reject,Attacker_not_available
Terminated,7
1067,accept,ok,37
1068,accept,ok,34
1063,accept,ok,42
1069,accept,ok,34
1108,reject,Attacker_not_available
Terminated,7
1073,accept,ok,36
1076,accept,ok,34
1081,accept,ok,32
1083,accept,ok,30
1082,accept,ok,32
1088,accept,ok,31
1090,accept,ok,31
1078,accept,ok,38
1097,accept,ok,29
1089,accept,ok,36
1100,accept,ok,31
1093,accept,ok,33
1106,accept,ok,27
1091,accept,ok,40
1103,accept,ok,32
1105,accept,ok,32
1137,reject,Attacker_not_available
Terminated,6
1102,accept,ok,35
1101,accept,ok,36
1147,reject,Attacker_not_available
Terminated,7
1109,accept,ok,34
1111,accept,ok,32
1112,accept,ok,31
1107,accept,ok,42
1152,reject,Attacker_not_available
Terminated,6
1154,reject,Attacker_not_available
Terminated,7
1119,accept,ok,30
1159,reject,Attacker_not_available
Terminated,8
1115,accept,ok,33
1113,accept,ok,34
1132,accept,ok,30
1133,accept,ok,30
1163,reject,Assert_connectivity_failed,5
1117,accept,ok,35
1126,accept,ok,35
1134,accept,ok,32
1114,accept,ok,40
1118,accept,ok,38
1139,accept,ok,29
1144,accept,ok,31
1138,accept,ok,35
1191,reject,Attacker_not_available
Terminated,7
1146,accept,ok,32
1141,accept,ok,33
1140,accept,ok,36
1197,reject,Attacker_not_available
Terminated,6
1157,accept,ok,32
1149,accept,ok,44
1162,accept,ok,32
1176,accept,ok,27
1168,accept,ok,30
1160,accept,ok,37
1179,accept,ok,31
1174,accept,ok,33
1171,accept,ok,35
1188,accept,ok,31
1185,accept,ok,33
1183,accept,ok,37
1187,accept,ok,34
1184,accept,ok,37
1173,accept,ok,43
1242,reject,Assert_connectivity_failed,4
1239,reject,Attacker_not_available
Terminated,6
1203,accept,ok,28
1192,accept,ok,37
1200,accept,ok,32
1204,accept,ok,30
1199,accept,ok,35
1201,accept,ok,36
1198,accept,ok,42
1205,accept,ok,33
1212,accept,ok,30
1269,reject,Assert_connectivity_failed,4
1215,accept,ok,34
1222,accept,ok,34
1232,accept,ok,31
1230,accept,ok,35
1237,accept,ok,36
1244,accept,ok,32
1227,accept,ok,45
1280,reject,Attacker_not_available
Terminated,7
1233,accept,ok,41
1245,accept,ok,35
1240,accept,ok,37
1251,accept,ok,31
1248,accept,ok,33
1249,accept,ok,33
1250,accept,ok,33
1284,reject,Assert_connectivity_failed,3
1260,accept,ok,33
1253,accept,ok,35
1285,reject,Attacker_not_available
Terminated,7
1291,reject,Attacker_not_available
Terminated,7
1261,accept,ok,33
1292,reject,Attacker_not_available
Terminated,6
1246,accept,ok,39
1264,accept,ok,35
1271,accept,ok,29
1273,accept,ok,29
1267,accept,ok,37
1319,reject,Attacker_not_available
Terminated,7
1274,accept,ok,36
1277,accept,ok,35
1282,accept,ok,32
1276,accept,ok,42
1283,accept,ok,33
1296,accept,ok,29
1294,accept,ok,34
1295,accept,ok,33
1298,accept,ok,33
1302,accept,ok,33
1330,reject,Attacker_not_available
Terminated,7
1308,accept,ok,32
1304,accept,ok,35
1315,accept,ok,31
1314,accept,ok,33
1310,accept,ok,35
1305,accept,ok,36
1312,accept,ok,35
1316,accept,ok,33
1339,reject,Attacker_not_available
Terminated,6
1309,accept,ok,38
1320,accept,ok,32
1321,accept,ok,32
1323,accept,ok,31
1362,reject,Attacker_not_available
Terminated,7
1365,reject,Attacker_not_available
Terminated,7
1325,accept,ok,37
1326,accept,ok,34
1327,accept,ok,33
1374,reject,Assert_connectivity_failed,4
1373,reject,Attacker_not_available
Terminated,5
1340,accept,ok,30
1331,accept,ok,37
1335,accept,ok,34
1337,accept,ok,34
1332,accept,ok,36
1338,accept,ok,33
1345,accept,ok,30
1341,accept,ok,34
1342,accept,ok,33
1336,accept,ok,40
1329,accept,ok,45
1361,accept,ok,34
1343,accept,ok,36
1348,accept,ok,36
1397,reject,Assert_connectivity_failed,4
1403,reject,Assert_connectivity_failed,4
1354,accept,ok,40
1364,accept,ok,37
1369,accept,ok,35
1370,accept,ok,35
1414,reject,Assert_connectivity_failed,4
1371,accept,ok,33
1377,accept,ok,28
1417,reject,Attacker_not_available
Terminated,6
1375,accept,ok,34
1383,accept,ok,29
1378,accept,ok,36
1381,accept,ok,34
1386,accept,ok,34
1393,accept,ok,34
1387,accept,ok,35
1400,accept,ok,30
1395,accept,ok,36
1379,accept,ok,41
1405,accept,ok,32
1399,accept,ok,35
1396,accept,ok,38
1440,reject,Assert_connectivity_failed,3
1389,accept,ok,42
1437,reject,Attacker_not_available
Terminated,7
1402,accept,ok,35
1410,accept,ok,31
1406,accept,ok,34
1459,reject,Assert_connectivity_failed,4
1442,reject,Attacker_not_available
Terminated,6
1418,accept,ok,30
1420,accept,ok,34
1416,accept,ok,38
1422,accept,ok,30
1469,reject,Attacker_not_available
Terminated,7
1425,accept,ok,31
1421,accept,ok,40
1433,accept,ok,29
1428,accept,ok,32
1432,accept,ok,34
1427,accept,ok,40
1441,accept,ok,32
1435,accept,ok,37
1454,accept,ok,30
1471,accept,ok,28
1439,accept,ok,37
1460,accept,ok,32
1444,accept,ok,36
1455,accept,ok,34
1466,accept,ok,31
1450,accept,ok,39
1509,reject,Assert_connectivity_failed,2
1499,reject,Attacker_not_available
Terminated,6
1451,accept,ok,40
1474,accept,ok,30
1508,reject,Attacker_not_available
Terminated,6
1463,accept,ok,37
1476,accept,ok,31
1513,reject,Attacker_not_available
Terminated,6
1472,accept,ok,37
1473,accept,ok,38
1532,reject,Attacker_not_available
Terminated,5
1478,accept,ok,38
1484,accept,ok,32
1485,accept,ok,33
1480,accept,ok,34
1486,accept,ok,32
1492,accept,ok,31
1494,accept,ok,34
1507,accept,ok,29
1501,accept,ok,31
1498,accept,ok,38
1500,accept,ok,37
1510,accept,ok,33
1525,accept,ok,31
1521,accept,ok,32
1515,accept,ok,34
1520,accept,ok,33
1497,accept,ok,43
1517,accept,ok,34
1533,accept,ok,29
1529,accept,ok,32
1562,reject,Attacker_not_available
Terminated,7
1526,accept,ok,39
1539,accept,ok,30
1538,accept,ok,31
1535,accept,ok,33
1537,accept,ok,33
1581,reject,Attacker_not_available
Terminated,7
1542,accept,ok,31
1536,accept,ok,36
1543,accept,ok,35
1545,accept,ok,31
1547,accept,ok,32
1553,accept,ok,29
1601,reject,Attacker_not_available
Terminated,7
1544,accept,ok,37
1566,accept,ok,28
1567,accept,ok,29
1550,accept,ok,35
1612,reject,Attacker_not_available
Terminated,6
1559,accept,ok,34
1560,accept,ok,34
1564,accept,ok,33
1574,accept,ok,35
1576,accept,ok,32
1575,accept,ok,33
1637,reject,Attacker_not_available
Terminated,7
1599,accept,ok,28
1586,accept,ok,34
1588,accept,ok,35
1592,accept,ok,35
1589,accept,ok,36
1597,accept,ok,35
1595,accept,ok,36
1596,accept,ok,37
1667,reject,Assert_connectivity_failed,3
1613,accept,ok,25
1607,accept,ok,32
1610,accept,ok,34
1611,accept,ok,32
1631,accept,ok,28
1632,accept,ok,30
1626,accept,ok,33
1690,reject,Assert_connectivity_failed,4
1686,reject,Attacker_not_available
Terminated,6
1623,accept,ok,36
1629,accept,ok,35
1635,accept,ok,35
1645,accept,ok,32
1641,accept,ok,34
1642,accept,ok,34
1713,reject,Assert_connectivity_failed,3
1649,accept,ok,31
1647,accept,ok,34
1708,reject,Attacker_not_available
Terminated,7
1654,accept,ok,33
1668,accept,ok,29
1721,reject,Assert_connectivity_failed,3
1662,accept,ok,32
1718,reject,Attacker_not_available
Terminated,6
1658,accept,ok,36
1673,accept,ok,33
1726,reject,Attacker_not_available
Terminated,8
1671,accept,ok,37
1675,accept,ok,37
1736,reject,Assert_connectivity_failed,3
1677,accept,ok,34
1696,accept,ok,30
1734,reject,Attacker_not_available
Terminated,7
1697,accept,ok,30
1674,accept,ok,43
1676,accept,ok,40
1704,accept,ok,32
1700,accept,ok,34
1705,accept,ok,33
1742,reject,Attacker_not_available
Terminated,7
1714,accept,ok,31
1706,accept,ok,36
1709,accept,ok,34
1764,reject,Assert_connectivity_failed,3
1762,reject,Attacker_not_available
Terminated,6
1723,accept,ok,34
1719,accept,ok,37
1717,accept,ok,39
1733,accept,ok,29
1731,accept,ok,35
1774,reject,Attacker_not_available
Terminated,6
1729,accept,ok,39
1730,accept,ok,39
1741,accept,ok,33
1739,accept,ok,34
1728,accept,ok,46
1752,accept,ok,31
1747,accept,ok,34
1743,accept,ok,36
1761,accept,ok,30
1760,accept,ok,31
1745,accept,ok,36
1744,accept,ok,37
1750,accept,ok,39
1768,accept,ok,31
1767,accept,ok,36
1769,accept,ok,36
1763,accept,ok,41
1798,reject,Attacker_not_available
Terminated,7
1775,accept,ok,34
1800,reject,Attacker_not_available
Terminated,7
1773,accept,ok,38
1780,accept,ok,33
1772,accept,ok,41
1785,accept,ok,29
1805,reject,Attacker_not_available
Terminated,9
1779,accept,ok,39
1812,reject,Attacker_not_available
Terminated,6
1776,accept,ok,43
1781,accept,ok,41
1783,accept,ok,37
1819,reject,Assert_connectivity_failed,4
1782,accept,ok,39
1784,accept,ok,38
1820,reject,Attacker_not_available
Terminated,7
1788,accept,ok,36
1789,accept,ok,38
1835,reject,Assert_connectivity_failed,4
1787,accept,ok,41
1797,accept,ok,33
1793,accept,ok,41
1795,accept,ok,43
1840,reject,Attacker_not_available
Terminated,7
1790,accept,ok,46
1802,accept,ok,34
1803,accept,ok,35
1806,accept,ok,33
1796,accept,ok,49
1807,accept,ok,35
1862,reject,Assert_connectivity_failed,3
1870,reject,Assert_connectivity_failed,2
1811,accept,ok,36
1823,accept,ok,30
1821,accept,ok,34
1833,accept,ok,32
1817,accept,ok,39
1832,accept,ok,37
1838,accept,ok,35
1824,accept,ok,39
1822,accept,ok,40
1839,accept,ok,36
1841,accept,ok,36
1851,accept,ok,34
1853,accept,ok,37
1854,accept,ok,35
1858,accept,ok,34
1852,accept,ok,41
1857,accept,ok,39
1860,accept,ok,36
1869,accept,ok,34
1876,accept,ok,33
1865,accept,ok,37
1880,accept,ok,32
1885,accept,ok,26
1882,accept,ok,35
1884,accept,ok,35
1890,accept,ok,34
1891,accept,ok,34
1929,reject,Assert_connectivity_failed,4
1904,accept,ok,30
1892,accept,ok,33
1903,accept,ok,32
1893,accept,ok,36
1894,accept,ok,36
1939,reject,Attacker_not_available
Terminated,6
1910,accept,ok,31
1913,accept,ok,31
1911,accept,ok,33
1915,accept,ok,33
1905,accept,ok,44
1914,accept,ok,35
1906,accept,ok,44
1924,accept,ok,30
1919,accept,ok,33
1918,accept,ok,36
1923,accept,ok,34
1922,accept,ok,36
1927,accept,ok,33
1960,reject,Attacker_not_available
Terminated,7
1930,accept,ok,30
1969,reject,Assert_connectivity_failed,2
1925,accept,ok,44
1936,accept,ok,33
1940,accept,ok,31
1973,reject,Assert_connectivity_failed,3
1938,accept,ok,37
1942,accept,ok,33
1931,accept,ok,40
1945,accept,ok,32
1941,accept,ok,37
1953,accept,ok,29
1950,accept,ok,35
1954,accept,ok,31
1952,accept,ok,36
1948,accept,ok,39
1986,reject,Attacker_not_available
Terminated,7
1961,accept,ok,31
1958,accept,ok,34
1956,accept,ok,35
1963,accept,ok,32
1965,accept,ok,29
1959,accept,ok,37
2009,reject,Attacker_not_available
Terminated,9
2013,reject,Attacker_not_available
Terminated,6
1968,accept,ok,33
2020,reject,Attacker_not_available
Terminated,7
1964,accept,ok,39
1971,accept,ok,33
1970,accept,ok,35
1972,accept,ok,37
1979,accept,ok,33
1982,accept,ok,31
1981,accept,ok,32
1983,accept,ok,32
1975,accept,ok,35
2041,reject,Attacker_not_available
Terminated,6
1996,accept,ok,32
2044,reject,Attacker_not_available
Terminated,6
1999,accept,ok,34
2002,accept,ok,33
2015,accept,ok,30
2010,accept,ok,35
2006,accept,ok,37
2058,reject,Assert_connectivity_failed,3
2019,accept,ok,34
2068,reject,Assert_connectivity_failed,3
2016,accept,ok,36
2011,accept,ok,40
2028,accept,ok,33
2023,accept,ok,38
2070,reject,Attacker_not_available
Terminated,7
2025,accept,ok,38
2042,accept,ok,29
2036,accept,ok,35
2047,accept,ok,30
2035,accept,ok,39
2081,reject,Attacker_not_available
Terminated,7
2031,accept,ok,40
2038,accept,ok,37
2040,accept,ok,34
2043,accept,ok,35
2050,accept,ok,33
2048,accept,ok,33
2054,accept,ok,30
2052,accept,ok,35
2061,accept,ok,29
2055,accept,ok,34
2112,reject,Attacker_not_available
Terminated,6
2120,reject,Assert_connectivity_failed,4
2069,accept,ok,32
2129,reject,Assert_connectivity_failed,5
2130,reject,Attacker_not_available
Terminated,6
2074,accept,ok,32
2080,accept,ok,29
2059,accept,ok,40
2132,reject,Attacker_not_available
Terminated,6
2078,accept,ok,35
2075,accept,ok,40
2086,accept,ok,35
2094,accept,ok,35
2103,accept,ok,32
2102,accept,ok,33
2100,accept,ok,35
2097,accept,ok,35
2106,accept,ok,34
2104,accept,ok,34
2111,accept,ok,30
2108,accept,ok,34
2155,reject,Attacker_not_available
Terminated,7
2095,accept,ok,43
2125,accept,ok,30
2116,accept,ok,37
2123,accept,ok,37
2176,reject,Attacker_not_available
Terminated,7
2133,accept,ok,32
2134,accept,ok,30
2137,accept,ok,32
2139,accept,ok,31
2135,accept,ok,35
2140,accept,ok,31
2136,accept,ok,36
2154,accept,ok,35
2165,accept,ok,30
2157,accept,ok,33
2170,accept,ok,29
2153,accept,ok,39
2156,accept,ok,35
2166,accept,ok,34
2158,accept,ok,36
2168,accept,ok,35
2174,accept,ok,35
2204,reject,Attacker_not_available
Terminated,7
2175,accept,ok,38
2177,accept,ok,35
2169,accept,ok,43
2180,accept,ok,30
2209,reject,Attacker_not_available
Terminated,6
2179,accept,ok,34
2184,accept,ok,28
2178,accept,ok,37
2182,accept,ok,35
2186,accept,ok,32
2218,reject,Attacker_not_available
Terminated,7
2220,reject,Attacker_not_available
Terminated,7
2187,accept,ok,34
2191,accept,ok,33
2183,accept,ok,37
2226,reject,Attacker_not_available
Terminated,8
2233,reject,Attacker_not_available
Terminated,6
2236,reject,Attacker_not_available
Terminated,7
2194,accept,ok,29
2206,accept,ok,26
2196,accept,ok,30
2193,accept,ok,34
2192,accept,ok,35
2203,accept,ok,37
2260,reject,Attacker_not_available
Terminated,7
2197,accept,ok,39
2208,accept,ok,36
2210,accept,ok,33
2205,accept,ok,43
2216,accept,ok,34
2223,accept,ok,31
2215,accept,ok,35
2231,accept,ok,32
2267,reject,Attacker_not_available
Terminated,8
2230,accept,ok,33
2278,reject,Attacker_not_available
Terminated,6
2237,accept,ok,35
2244,accept,ok,35
2246,accept,ok,35
2239,accept,ok,36
2256,accept,ok,30
2238,accept,ok,37
2258,accept,ok,31
2255,accept,ok,33
2253,accept,ok,34
2294,reject,Assert_connectivity_failed,4
2251,accept,ok,39
2292,reject,Attacker_not_available
Terminated,7
2265,accept,ok,29
2262,accept,ok,39
2263,accept,ok,32
2305,reject,Attacker_not_available
Terminated,6
2312,reject,Assert_connectivity_failed,4
2264,accept,ok,36
2269,accept,ok,32
2272,accept,ok,32
2273,accept,ok,31
2268,accept,ok,38
2285,accept,ok,28
2271,accept,ok,39
2290,accept,ok,27
2282,accept,ok,36
2289,accept,ok,28
2284,accept,ok,38
2299,accept,ok,32
2287,accept,ok,36
2344,reject,Attacker_not_available
Terminated,6
2303,accept,ok,28
2300,accept,ok,34
2349,reject,Assert_connectivity_failed,3
2291,accept,ok,38
2298,accept,ok,38
2354,reject,Attacker_not_available
Terminated,6
2301,accept,ok,39
2322,accept,ok,32
2365,reject,Attacker_not_available
Terminated,7
2318,accept,ok,37
2327,accept,ok,34
2334,accept,ok,29
2308,accept,ok,40
2323,accept,ok,35
2332,accept,ok,34
2378,reject,Assert_connectivity_failed,4
2376,reject,Attacker_not_available
Terminated,7
2375,reject,Attacker_not_available
Terminated,8
2338,accept,ok,31
2333,accept,ok,39
2382,reject,Assert_connectivity_failed,3
2336,accept,ok,37
2345,accept,ok,35
2339,accept,ok,36
2347,accept,ok,34
2337,accept,ok,40
2355,accept,ok,34
2396,reject,Assert_connectivity_failed,3
2353,accept,ok,35
2393,reject,Attacker_not_available
Terminated,6
2358,accept,ok,32
2394,reject,Attacker_not_available
Terminated,7
2357,accept,ok,35
2401,reject,Assert_connectivity_failed,4
2362,accept,ok,37
2363,accept,ok,37
2406,reject,Assert_connectivity_failed,4
2366,accept,ok,33
2422,reject,Assert_connectivity_failed,3
2425,reject,Assert_connectivity_failed,2
2368,accept,ok,37
2416,reject,Attacker_not_available
Terminated,6
2369,accept,ok,37
2380,accept,ok,31
2374,accept,ok,37
2379,accept,ok,36
2389,accept,ok,29
2430,reject,Attacker_not_available
Terminated,6
2388,accept,ok,35
2391,accept,ok,32
2448,reject,Attacker_not_available
Terminated,7
2381,accept,ok,41
2385,accept,ok,38
2390,accept,ok,38
2402,accept,ok,29
2399,accept,ok,32
2452,reject,Attacker_not_available
Terminated,7
2455,reject,Attacker_not_available
Terminated,7
2400,accept,ok,34
2407,accept,ok,31
2403,accept,ok,36
2462,reject,Attacker_not_available
Terminated,6
2395,accept,ok,42
2409,accept,ok,35
2397,accept,ok,43
2429,accept,ok,33
2443,accept,ok,32
2482,reject,Attacker_not_available
Terminated,7
2427,accept,ok,39
2435,accept,ok,37
2446,accept,ok,35
2447,accept,ok,37
2450,accept,ok,34
2449,accept,ok,37
2457,accept,ok,31
2451,accept,ok,36
2454,accept,ok,35
2458,accept,ok,32
2463,accept,ok,31
2500,reject,Attacker_not_available
Terminated,6
2453,accept,ok,38
2506,reject,Attacker_not_available
Terminated,7
2472,accept,ok,31
2467,accept,ok,36
2469,accept,ok,34
2471,accept,ok,32
2468,accept,ok,37
2485,accept,ok,32
2477,accept,ok,38
2518,reject,Attacker_not_available
Terminated,6
2483,accept,ok,35
2486,accept,ok,35
2488,accept,ok,35
2489,accept,ok,35
2499,accept,ok,33
2492,accept,ok,39
2508,accept,ok,31
2498,accept,ok,41
2491,accept,ok,44
2557,reject,Attacker_not_available
Terminated,7
2509,accept,ok,36
2504,accept,ok,39
2507,accept,ok,41
2512,accept,ok,39
2514,accept,ok,35
2511,accept,ok,42
2522,accept,ok,33
2540,accept,ok,32
2513,accept,ok,40
2515,accept,ok,40
2538,accept,ok,35
2571,reject,Attacker_not_available
Terminated,9
2572,reject,Attacker_not_available
Terminated,9
2543,accept,ok,38
2516,accept,ok,44
2554,accept,ok,34
2549,accept,ok,42
2552,accept,ok,38
2594,reject,Assert_connectivity_failed,4
2555,accept,ok,40
2556,accept,ok,38
2598,reject,Attacker_not_available
Terminated,5
2565,accept,ok,32
2558,accept,ok,38
2600,reject,Attacker_not_available
Terminated,7
2605,reject,Assert_connectivity_failed,4
2559,accept,ok,40
2608,reject,Assert_connectivity_failed,3
2568,accept,ok,33
2560,accept,ok,42
2567,accept,ok,38
2577,accept,ok,36
2578,accept,ok,37
2584,accept,ok,32
2590,accept,ok,30
2582,accept,ok,36
2589,accept,ok,36
2591,accept,ok,33
2592,accept,ok,35
2586,accept,ok,39
2579,accept,ok,42
2563,accept,ok,53
2632,reject,Assert_connectivity_failed,5
2595,accept,ok,32
2597,accept,ok,36
2603,accept,ok,35
2602,accept,ok,39
2604,accept,ok,36
2619,accept,ok,32
2613,accept,ok,35
2616,accept,ok,35
2617,accept,ok,34
2615,accept,ok,36
2623,accept,ok,34
2610,accept,ok,41
2633,accept,ok,30
2638,accept,ok,28
2624,accept,ok,39
2637,accept,ok,32
2631,accept,ok,36
2656,reject,Assert_connectivity_failed,4
2622,accept,ok,44
2634,accept,ok,35
2635,accept,ok,36
2642,accept,ok,29
2639,accept,ok,36
2626,accept,ok,45
2674,reject,Assert_connectivity_failed,3
2629,accept,ok,47
2643,accept,ok,32
2683,reject,Assert_connectivity_failed,4
2646,accept,ok,30
2645,accept,ok,33
2650,accept,ok,29
2644,accept,ok,36
2651,accept,ok,30
2648,accept,ok,32
2653,accept,ok,27
2649,accept,ok,34
2654,accept,ok,33
2704,reject,Attacker_not_available
Terminated,6
2666,accept,ok,31
2667,accept,ok,34
2677,accept,ok,29
2673,accept,ok,32
2668,accept,ok,34
2665,accept,ok,36
2659,accept,ok,37
2675,accept,ok,34
2676,accept,ok,33
2671,accept,ok,38
2711,reject,Attacker_not_available
Terminated,6
2733,reject,Assert_connectivity_failed,4
2681,accept,ok,36
2687,accept,ok,28
2682,accept,ok,38
2695,accept,ok,31
2699,accept,ok,33
2706,accept,ok,33
2701,accept,ok,37
2698,accept,ok,38
2702,accept,ok,37
2750,reject,Attacker_not_available
Terminated,7
2708,accept,ok,32
2690,accept,ok,42
2707,accept,ok,33
2717,accept,ok,26
2716,accept,ok,30
2710,accept,ok,31
2724,accept,ok,33
2737,accept,ok,27
2714,accept,ok,36
2709,accept,ok,41
2741,accept,ok,35
2736,accept,ok,39
2742,accept,ok,36
2735,accept,ok,40
2748,accept,ok,32
2743,accept,ok,35
2727,accept,ok,47
2759,accept,ok,31
2760,accept,ok,31
2751,accept,ok,33
2757,accept,ok,32
2772,accept,ok,31
2801,reject,Assert_connectivity_failed,3
2770,accept,ok,34
2773,accept,ok,33
2762,accept,ok,40
2779,accept,ok,33
2781,accept,ok,32
2775,accept,ok,37
2786,accept,ok,32
2774,accept,ok,43
2821,reject,Attacker_not_available
Terminated,6
2785,accept,ok,34
2787,accept,ok,35
2834,reject,Assert_connectivity_failed,4
2791,accept,ok,28
2794,accept,ok,31
2795,accept,ok,30
2836,reject,Attacker_not_available
Terminated,7
2790,accept,ok,35
2789,accept,ok,37
2793,accept,ok,36
2844,reject,Attacker_not_available
Terminated,7
2808,accept,ok,31
2799,accept,ok,33
2815,accept,ok,30
2798,accept,ok,39
2856,reject,Attacker_not_available
Terminated,5
2810,accept,ok,34
2817,accept,ok,32
2860,reject,Attacker_not_available
Terminated,7
2814,accept,ok,36
2803,accept,ok,42
2868,reject,Attacker_not_available
Terminated,6
2826,accept,ok,32
2822,accept,ok,35
2824,accept,ok,35
2874,reject,Attacker_not_available
Terminated,7
2830,accept,ok,35
2876,reject,Attacker_not_available
Terminated,7
2833,accept,ok,37
2846,accept,ok,30
2842,accept,ok,34
2829,accept,ok,41
2838,accept,ok,39
2849,accept,ok,33
2853,accept,ok,33
2847,accept,ok,34
2854,accept,ok,35
2858,accept,ok,35
2866,accept,ok,32
2895,reject,Assert_connectivity_failed,4
2861,accept,ok,33
2896,reject,Assert_connectivity_failed,3
2872,accept,ok,30
2898,reject,Assert_connectivity_failed,4
2863,accept,ok,38
2870,accept,ok,36
2875,accept,ok,30
2871,accept,ok,39
2862,accept,ok,43
2908,reject,Attacker_not_available
Terminated,5
2878,accept,ok,31
2879,accept,ok,31
2880,accept,ok,33
2887,accept,ok,30
2882,accept,ok,33
2877,accept,ok,41
2881,accept,ok,35
2885,accept,ok,36
2890,accept,ok,33
2920,reject,Attacker_not_available
Terminated,7
2892,accept,ok,33
2894,accept,ok,35
2891,accept,ok,37
2900,accept,ok,28
2931,reject,Assert_connectivity_failed,4
2899,accept,ok,34
2897,accept,ok,35
2905,accept,ok,32
2902,accept,ok,33
2934,reject,Attacker_not_available
Terminated,8
2912,accept,ok,30
2941,reject,Assert_connectivity_failed,4
2915,accept,ok,31
2910,accept,ok,36
2909,accept,ok,38
2945,reject,Assert_connectivity_failed,4
2917,accept,ok,35
2918,accept,ok,34
2925,accept,ok,30
2919,accept,ok,32
2923,accept,ok,32
2927,accept,ok,29
2921,accept,ok,34
2963,reject,Assert_connectivity_failed,4
2966,reject,Assert_connectivity_failed,3
2929,accept,ok,33
2933,accept,ok,31
2928,accept,ok,36
2911,accept,ok,50
2930,accept,ok,35
2972,reject,Attacker_not_available
Terminated,6
2971,reject,Attacker_not_available
Terminated,7
2990,reject,Assert_connectivity_failed,3
2936,accept,ok,32
2991,reject,Attacker_not_available
Terminated,6
2997,reject,Assert_connectivity_failed,4
2932,accept,ok,39
2998,reject,Assert_connectivity_failed,3
2942,accept,ok,30
2944,accept,ok,30
2937,accept,ok,36
2949,accept,ok,28
2940,accept,ok,37
2953,accept,ok,29
2961,accept,ok,31
2943,accept,ok,38
2964,accept,ok,29
2952,accept,ok,35
2957,accept,ok,34
3025,reject,Assert_connectivity_failed,4
2978,accept,ok,27
2968,accept,ok,35
2970,accept,ok,35
2975,accept,ok,28
2992,accept,ok,27
3028,reject,Attacker_not_available
Terminated,7
3002,accept,ok,28
2973,accept,ok,38
3001,accept,ok,32
3045,reject,Assert_connectivity_failed,3
3004,accept,ok,32
3003,accept,ok,34
3055,reject,Assert_connectivity_failed,2
2995,accept,ok,44
3006,accept,ok,37
3011,accept,ok,36
3017,accept,ok,34
3015,accept,ok,37
3014,accept,ok,38
3007,accept,ok,39
3020,accept,ok,34
3026,accept,ok,35
3029,accept,ok,36
3075,reject,Assert_connectivity_failed,4
3042,accept,ok,31
3031,accept,ok,33
3038,accept,ok,33
3023,accept,ok,45
3037,accept,ok,37
3039,accept,ok,38
3050,accept,ok,30
3047,accept,ok,33
3052,accept,ok,32
3044,accept,ok,41
3056,accept,ok,31
3061,accept,ok,32
3058,accept,ok,34
3062,accept,ok,35
3065,accept,ok,34
3068,accept,ok,33
3102,reject,Attacker_not_available
Terminated,6
3071,accept,ok,34
3063,accept,ok,40
3066,accept,ok,37
3109,reject,Attacker_not_available
Terminated,6
3081,accept,ok,30
3072,accept,ok,38
3089,accept,ok,27
3086,accept,ok,33
3085,accept,ok,35
3084,accept,ok,36
3087,accept,ok,35
3088,accept,ok,34
3095,accept,ok,30
3097,accept,ok,29
3099,accept,ok,30
3090,accept,ok,35
3096,accept,ok,35
3101,accept,ok,29
3100,accept,ok,36
3104,accept,ok,28
3103,accept,ok,34
3117,accept,ok,29
3131,accept,ok,27
3158,reject,Assert_connectivity_failed,3
3108,accept,ok,35
3115,accept,ok,31
3111,accept,ok,37
3167,reject,Assert_connectivity_failed,4
3143,accept,ok,26
3160,reject,Attacker_not_available
Terminated,6
3127,accept,ok,32
3126,accept,ok,35
3172,reject,Attacker_not_available
Terminated,6
3134,accept,ok,32
3120,accept,ok,36
3177,reject,Assert_connectivity_failed,4
3135,accept,ok,32
3140,accept,ok,32
3147,accept,ok,31
3194,reject,Attacker_not_available
Terminated,5
3146,accept,ok,34
3195,reject,Attacker_not_available
Terminated,6
3150,accept,ok,35
3153,accept,ok,33
3145,accept,ok,42
3148,accept,ok,40
3149,accept,ok,41
3155,accept,ok,33
3157,accept,ok,35
3173,accept,ok,30
3175,accept,ok,28
3178,accept,ok,29
3165,accept,ok,35
3230,reject,Attacker_not_available
Terminated,6
3188,accept,ok,31
3181,accept,ok,34
3200,accept,ok,28
3186,accept,ok,35
3176,accept,ok,38
3182,accept,ok,37
3183,accept,ok,37
3201,accept,ok,31
3197,accept,ok,36
3242,reject,Attacker_not_available
Terminated,6
3203,accept,ok,35
3222,accept,ok,27
3251,reject,Attacker_not_available
Terminated,6
3198,accept,ok,42
3212,accept,ok,34
3211,accept,ok,35
3216,accept,ok,34
3224,accept,ok,32
3225,accept,ok,30
3217,accept,ok,36
3232,accept,ok,34
3269,reject,Attacker_not_available
Terminated,7
3278,reject,Assert_connectivity_failed,3
3241,accept,ok,30
3233,accept,ok,37
3235,accept,ok,34
3234,accept,ok,37
3280,reject,Attacker_not_available
Terminated,6
3236,accept,ok,36
3282,reject,Attacker_not_available
Terminated,6
3284,reject,Attacker_not_available
Terminated,5
3249,accept,ok,32
3246,accept,ok,35
3244,accept,ok,36
3252,accept,ok,31
3247,accept,ok,36
3254,accept,ok,31
3250,accept,ok,39
3259,accept,ok,31
3260,accept,ok,31
3258,accept,ok,33
3310,reject,Attacker_not_available
Terminated,8
3270,accept,ok,30
3255,accept,ok,38
3256,accept,ok,38
3266,accept,ok,34
3321,reject,Assert_connectivity_failed,3
3265,accept,ok,36
3316,reject,Attacker_not_available
Terminated,6
3277,accept,ok,28
3337,reject,Attacker_not_available
Terminated,5
3333,reject,Attacker_not_available
Terminated,7
3290,accept,ok,26
3295,accept,ok,30
3288,accept,ok,33
3286,accept,ok,36
3297,accept,ok,30
3343,reject,Attacker_not_available
Terminated,7
3309,accept,ok,31
3301,accept,ok,33
3353,reject,Assert_connectivity_failed,3
3304,accept,ok,33
3305,accept,ok,33
3296,accept,ok,38
3291,accept,ok,41
3314,accept,ok,32
3360,reject,Attacker_not_available
Terminated,6
3319,accept,ok,32
3324,accept,ok,33
3323,accept,ok,34
3331,accept,ok,34
3330,accept,ok,38
3315,accept,ok,42
3336,accept,ok,35
3332,accept,ok,38
3341,accept,ok,31
3340,accept,ok,36
3351,accept,ok,30
3345,accept,ok,32
3349,accept,ok,31
3344,accept,ok,36
3357,accept,ok,32
3356,accept,ok,34
3354,accept,ok,34
3358,accept,ok,34
3361,accept,ok,30
3365,accept,ok,29
3366,accept,ok,29
3364,accept,ok,36
3359,accept,ok,43
3378,accept,ok,34
3373,accept,ok,35
3382,accept,ok,34
3394,accept,ok,29
3385,accept,ok,34
3431,reject,Attacker_not_available
Terminated,6
3429,reject,Attacker_not_available
Terminated,7
3384,accept,ok,36
3387,accept,ok,35
3383,accept,ok,38
3403,accept,ok,26
3395,accept,ok,34
3447,reject,Assert_connectivity_failed,4
3445,reject,Attacker_not_available
Terminated,7
3401,accept,ok,36
3449,reject,Attacker_not_available
Terminated,5
3398,accept,ok,37
3412,accept,ok,29
3397,accept,ok,38
3410,accept,ok,33
3405,accept,ok,35
3404,accept,ok,38
3408,accept,ok,38
3415,accept,ok,35
3472,reject,Assert_connectivity_failed,3
3416,accept,ok,33
3413,accept,ok,38
3468,reject,Attacker_not_available
Terminated,7
3435,accept,ok,29
3428,accept,ok,31
3481,reject,Attacker_not_available
Terminated,6
3421,accept,ok,39
3441,accept,ok,30
3439,accept,ok,34
3492,reject,Attacker_not_available
Terminated,5
3436,accept,ok,40
3498,reject,Assert_connectivity_failed,4
3438,accept,ok,38
3453,accept,ok,33
3462,accept,ok,30
3456,accept,ok,32
3459,accept,ok,33
3501,reject,Attacker_not_available
Terminated,6
3443,accept,ok,44
3454,accept,ok,36
3500,reject,Attacker_not_available
Terminated,7
3458,accept,ok,35
3513,reject,Assert_connectivity_failed,3
3463,accept,ok,37
3474,accept,ok,29
3467,accept,ok,34
3473,accept,ok,33
3484,accept,ok,31
3485,accept,ok,36
3489,accept,ok,34
3528,reject,Attacker_not_available
Terminated,7
3482,accept,ok,38
3496,accept,ok,31
3490,accept,ok,35
3488,accept,ok,39
3549,reject,Assert_connectivity_failed,3
3511,accept,ok,27
3506,accept,ok,31
3503,accept,ok,32
3499,accept,ok,34
3509,accept,ok,34
3516,accept,ok,32
3521,accept,ok,29
3520,accept,ok,32
3517,accept,ok,33
3497,accept,ok,46
3522,accept,ok,34
3519,accept,ok,37
3525,accept,ok,35
3529,accept,ok,30
3523,accept,ok,35
3571,reject,Assert_connectivity_failed,3
3532,accept,ok,29
3534,accept,ok,30
3581,reject,Attacker_not_available
Terminated,7
3544,accept,ok,32
3590,reject,Assert_connectivity_failed,4
3530,accept,ok,38
3552,accept,ok,35
3531,accept,ok,40
3553,accept,ok,36
3558,accept,ok,32
3557,accept,ok,34
3602,reject,Attacker_not_available
Terminated,6
3565,accept,ok,30
3563,accept,ok,33
3556,accept,ok,40
3560,accept,ok,35
3604,reject,Attacker_not_available
Terminated,7
3562,accept,ok,35
3566,accept,ok,35
3559,accept,ok,42
3572,accept,ok,33
3568,accept,ok,36
3619,reject,Attacker_not_available
Terminated,6
3578,accept,ok,36
3621,reject,Attacker_not_available
Terminated,6
3588,accept,ok,31
3580,accept,ok,37
3587,accept,ok,37
3579,accept,ok,44
3597,accept,ok,34
3601,accept,ok,31
3598,accept,ok,34
3591,accept,ok,38
3600,accept,ok,36
3617,accept,ok,27
3611,accept,ok,29
3613,accept,ok,31
3606,accept,ok,37
3608,accept,ok,36
3623,accept,ok,28
3659,reject,Assert_connectivity_failed,3
3609,accept,ok,39
3615,accept,ok,36
3620,accept,ok,36
3624,accept,ok,33
3628,accept,ok,33
3670,reject,Attacker_not_available
Terminated,7
3627,accept,ok,38
3636,accept,ok,32
3634,accept,ok,36
3629,accept,ok,38
3682,reject,Attacker_not_available
Terminated,7
3650,accept,ok,32
3638,accept,ok,35
3651,accept,ok,33
3630,accept,ok,44
3642,accept,ok,38
3695,reject,Attacker_not_available
Terminated,5
3652,accept,ok,34
3654,accept,ok,32
3656,accept,ok,30
3661,accept,ok,31
3704,reject,Assert_connectivity_failed,4
3647,accept,ok,44
3655,accept,ok,38
3662,accept,ok,34
3664,accept,ok,33
3668,accept,ok,34
3674,accept,ok,32
3681,accept,ok,33
3718,reject,Attacker_not_available
Terminated,6
3690,accept,ok,30
3686,accept,ok,33
3687,accept,ok,32
3694,accept,ok,30
3729,reject,Assert_connectivity_failed,4
3684,accept,ok,41
3688,accept,ok,37
3691,accept,ok,35
3696,accept,ok,31
3703,accept,ok,28
3702,accept,ok,35
3700,accept,ok,39
3714,accept,ok,30
3706,accept,ok,36
3711,accept,ok,33
3707,accept,ok,35
3698,accept,ok,46
3753,reject,Assert_connectivity_failed,3
3710,accept,ok,38
3719,accept,ok,31
3713,accept,ok,38
3715,accept,ok,36
3717,accept,ok,36
3723,accept,ok,28
3764,reject,Attacker_not_available
Terminated,6
3726,accept,ok,32
3769,reject,Assert_connectivity_failed,4
3720,accept,ok,34
3730,accept,ok,30
3773,reject,Assert_connectivity_failed,3
3777,reject,Assert_connectivity_failed,4
3734,accept,ok,31
3770,reject,Attacker_not_available
Terminated,7
3735,accept,ok,34
3731,accept,ok,36
3740,accept,ok,33
3742,accept,ok,32
3739,accept,ok,36
3746,accept,ok,34
3747,accept,ok,33
3758,accept,ok,30
3748,accept,ok,35
3761,accept,ok,32
3763,accept,ok,31
3757,accept,ok,38
3803,reject,Attacker_not_available
Terminated,6
3767,accept,ok,32
3809,reject,Assert_connectivity_failed,3
3768,accept,ok,34
3754,accept,ok,42
3781,accept,ok,25
3778,accept,ok,31
3771,accept,ok,35
3779,accept,ok,32
3765,accept,ok,43
3814,reject,Attacker_not_available
Terminated,8
3786,accept,ok,30
3780,accept,ok,34
3799,accept,ok,29
3782,accept,ok,35
3791,accept,ok,34
3825,reject,Attacker_not_available
Terminated,8
3783,accept,ok,36
3834,reject,Assert_connectivity_failed,3
3795,accept,ok,35
3842,reject,Assert_connectivity_failed,4
3800,accept,ok,32
3811,accept,ok,27
3808,accept,ok,31
3805,accept,ok,32
3802,accept,ok,35
3804,accept,ok,34
3844,reject,Attacker_not_available
Terminated,7
3849,reject,Assert_connectivity_failed,3
3855,reject,Assert_connectivity_failed,3
3812,accept,ok,35
3853,reject,Attacker_not_available
Terminated,7
3823,accept,ok,28
3822,accept,ok,31
3820,accept,ok,35
3816,accept,ok,36
3819,accept,ok,36
3858,reject,Attacker_not_available
Terminated,7
3866,reject,Attacker_not_available
Terminated,5
3831,accept,ok,32
3828,accept,ok,34
3833,accept,ok,33
3867,reject,Attacker_not_available
Terminated,7
3826,accept,ok,36
3837,accept,ok,31
3830,accept,ok,37
3838,accept,ok,31
3836,accept,ok,34
3840,accept,ok,34
3843,accept,ok,35
3846,accept,ok,36
3848,accept,ok,37
3854,accept,ok,38
3857,accept,ok,34
3851,accept,ok,40
3868,accept,ok,29
3864,accept,ok,32
3870,accept,ok,32
3911,reject,Attacker_not_available
Terminated,6
3882,accept,ok,30
3888,accept,ok,28
3875,accept,ok,33
3887,accept,ok,33
3872,accept,ok,37
3892,accept,ok,31
3918,reject,Attacker_not_available
Terminated,6
3890,accept,ok,33
3860,accept,ok,44
3886,accept,ok,35
3880,accept,ok,38
3894,accept,ok,35
3896,accept,ok,32
3946,reject,Attacker_not_available
Terminated,6
3895,accept,ok,38
3950,reject,Attacker_not_available
Terminated,7
3900,accept,ok,29
3897,accept,ok,39
3899,accept,ok,35
3906,accept,ok,33
3903,accept,ok,33
3913,accept,ok,33
3914,accept,ok,32
3923,accept,ok,29
3905,accept,ok,39
3919,accept,ok,33
3915,accept,ok,35
3966,reject,Attacker_not_available
Terminated,7
3928,accept,ok,32
3931,accept,ok,33
3948,accept,ok,32
3952,accept,ok,34
3936,accept,ok,37
3955,accept,ok,35
3943,accept,ok,38
3956,accept,ok,34
3958,accept,ok,34
3933,accept,ok,44
3957,accept,ok,36
3959,accept,ok,31
3961,accept,ok,34
3962,accept,ok,34
3963,accept,ok,31
3970,accept,ok,26
3965,accept,ok,35
3974,accept,ok,26
3968,accept,ok,32
3971,accept,ok,34
3964,accept,ok,42
3972,accept,ok,33
3973,accept,ok,32
3983,accept,ok,28
3988,accept,ok,27
3985,accept,ok,29
4013,reject,Attacker_not_available
Terminated,6
3980,accept,ok,36
3979,accept,ok,38
4019,reject,Attacker_not_available
Terminated,6
3994,accept,ok,29
3992,accept,ok,30
4030,reject,Assert_connectivity_failed,3
3989,accept,ok,36
3993,accept,ok,32
4029,reject,Attacker_not_available
Terminated,6
3990,accept,ok,37
3991,accept,ok,34
4040,reject,Assert_connectivity_failed,3
3995,accept,ok,32
4035,reject,Attacker_not_available
Terminated,7
3996,accept,ok,32
4000,accept,ok,31
3999,accept,ok,35
4001,accept,ok,33
4006,accept,ok,33
4002,accept,ok,34
4025,accept,ok,27
4011,accept,ok,32
4024,accept,ok,30
4009,accept,ok,34
4014,accept,ok,39
4027,accept,ok,37
4031,accept,ok,32
4026,accept,ok,38
4032,accept,ok,33
4042,accept,ok,30
4033,accept,ok,35
4077,reject,Assert_connectivity_failed,4
4044,accept,ok,35
4045,accept,ok,37
4046,accept,ok,34
4049,accept,ok,32
4051,accept,ok,34
4038,accept,ok,46
4050,accept,ok,38
4092,reject,Attacker_not_available
Terminated,6
4053,accept,ok,34
4048,accept,ok,42
4055,accept,ok,34
4056,accept,ok,32
4066,accept,ok,33
4054,accept,ok,40
4061,accept,ok,35
4063,accept,ok,40
4070,accept,ok,35
4081,accept,ok,30
4074,accept,ok,34
4085,accept,ok,32
4083,accept,ok,36
4089,accept,ok,34
4087,accept,ok,35
4090,accept,ok,35
4091,accept,ok,33
4093,accept,ok,36
4106,accept,ok,28
4101,accept,ok,32
4108,accept,ok,34
4141,reject,Assert_connectivity_failed,4
4104,accept,ok,36
4140,reject,Attacker_not_available
Terminated,7
4097,accept,ok,39
4098,accept,ok,38
4115,accept,ok,31
4111,accept,ok,35
4116,accept,ok,32
4113,accept,ok,37
4118,accept,ok,35
4149,reject,Attacker_not_available
Terminated,6
4150,reject,Attacker_not_available
Terminated,7
4120,accept,ok,30
4160,reject,Attacker_not_available
Terminated,6
4165,reject,Attacker_not_available
Terminated,6
4122,accept,ok,34
4119,accept,ok,39
4125,accept,ok,34
4131,accept,ok,30
4128,accept,ok,34
4129,accept,ok,34
4172,reject,Attacker_not_available
Terminated,6
4133,accept,ok,33
4121,accept,ok,48
4132,accept,ok,38
4145,accept,ok,29
4146,accept,ok,31
4135,accept,ok,38
4190,reject,Attacker_not_available
Terminated,6
4148,accept,ok,35
4193,reject,Attacker_not_available
Terminated,6
4161,accept,ok,31
4159,accept,ok,35
4154,accept,ok,37
4152,accept,ok,37
4143,accept,ok,39
4166,accept,ok,34
4164,accept,ok,36
4171,accept,ok,34
4170,accept,ok,38
4179,accept,ok,30
4177,accept,ok,35
4173,accept,ok,35
4176,accept,ok,36
4220,reject,Assert_connectivity_failed,4
4178,accept,ok,35
4189,accept,ok,27
4215,reject,Attacker_not_available
Terminated,6
4182,accept,ok,36
4184,accept,ok,31
4183,accept,ok,35
4232,reject,Attacker_not_available
Terminated,6
4229,reject,Attacker_not_available
Terminated,8
4201,accept,ok,28
4194,accept,ok,34
4195,accept,ok,32
4196,accept,ok,31
4205,accept,ok,30
4206,accept,ok,31
4204,accept,ok,32
4208,accept,ok,33
4199,accept,ok,38
4217,accept,ok,30
4209,accept,ok,37
4211,accept,ok,38
4222,accept,ok,32
4230,accept,ok,32
4296,reject,Assert_connectivity_failed,4
4294,reject,Attacker_not_available
Terminated,6
4236,accept,ok,36
4238,accept,ok,33
4241,accept,ok,33
4237,accept,ok,37
4297,reject,Attacker_not_available
Terminated,7
4245,accept,ok,34
4299,reject,Attacker_not_available
Terminated,6
4221,accept,ok,43
4253,accept,ok,36
4249,accept,ok,37
4307,reject,Attacker_not_available
Terminated,6
4287,accept,ok,27
4256,accept,ok,35
4260,accept,ok,34
4258,accept,ok,36
4279,accept,ok,32
4281,accept,ok,32
4278,accept,ok,34
4319,reject,Attacker_not_available
Terminated,7
4262,accept,ok,39
4329,reject,Assert_connectivity_failed,4
4325,reject,Attacker_not_available
Terminated,6
4333,reject,Attacker_not_available
Terminated,5
4289,accept,ok,35
4293,accept,ok,31
4291,accept,ok,33
4304,accept,ok,32
4301,accept,ok,35
4321,accept,ok,28
4309,accept,ok,35
4312,accept,ok,34
4302,accept,ok,37
4314,accept,ok,34
4306,accept,ok,38
4322,accept,ok,31
4326,accept,ok,29
4328,accept,ok,29
4300,accept,ok,43
4331,accept,ok,31
4351,reject,Attacker_not_available
Terminated,8
4365,reject,Attacker_not_available
Terminated,6
4317,accept,ok,39
4330,accept,ok,33
4336,accept,ok,29
4368,reject,Attacker_not_available
Terminated,7
4334,accept,ok,32
4338,accept,ok,33
4374,reject,Attacker_not_available
Terminated,5
4379,reject,Attacker_not_available
Terminated,7
4343,accept,ok,33
4339,accept,ok,38
4340,accept,ok,39
4341,accept,ok,38
4347,accept,ok,33
4367,accept,ok,30
4362,accept,ok,32
4363,accept,ok,33
4344,accept,ok,39
4404,reject,Assert_connectivity_failed,4
4369,accept,ok,33
4381,accept,ok,29
4350,accept,ok,38
4355,accept,ok,39
4348,accept,ok,41
4382,accept,ok,30
4378,accept,ok,32
4380,accept,ok,35
4427,reject,Assert_connectivity_failed,3
4394,accept,ok,26
4383,accept,ok,33
4416,reject,Attacker_not_available
Terminated,6
4373,accept,ok,37
4417,reject,Attacker_not_available
Terminated,6
4384,accept,ok,36
4434,reject,Attacker_not_available
Terminated,6
4393,accept,ok,35
4392,accept,ok,37
4402,accept,ok,35
4395,accept,ok,40
4401,accept,ok,39
4403,accept,ok,31
4407,accept,ok,32
4405,accept,ok,36
4457,reject,Attacker_not_available
Terminated,7
4409,accept,ok,34
4410,accept,ok,34
4408,accept,ok,37
4430,accept,ok,30
4464,reject,Assert_connectivity_failed,3
4425,accept,ok,34
4428,accept,ok,32
4460,reject,Attacker_not_available
Terminated,7
4429,accept,ok,33
4444,accept,ok,27
4473,reject,Assert_connectivity_failed,3
4412,accept,ok,40
4433,accept,ok,34
4438,accept,ok,31
4479,reject,Assert_connectivity_failed,2
4437,accept,ok,36
4440,accept,ok,32
4442,accept,ok,33
4424,accept,ok,44
4435,accept,ok,40
4490,reject,Attacker_not_available
Terminated,6
4449,accept,ok,29
4447,accept,ok,34
4450,accept,ok,31
4493,reject,Attacker_not_available
Terminated,7
4500,reject,Attacker_not_available
Terminated,6
4465,accept,ok,29
4459,accept,ok,33
4505,reject,Assert_connectivity_failed,3
4510,reject,Assert_connectivity_failed,4
4466,accept,ok,32
4471,accept,ok,32
4467,accept,ok,34
4461,accept,ok,38
4469,accept,ok,35
4474,accept,ok,32
4477,accept,ok,33
4475,accept,ok,35
4485,accept,ok,31
4484,accept,ok,34
4528,reject,Attacker_not_available
Terminated,6
4481,accept,ok,37
4491,accept,ok,32
4480,accept,ok,39
4487,accept,ok,38
4502,accept,ok,30
4503,accept,ok,32
4498,accept,ok,35
4492,accept,ok,41
4501,accept,ok,37
4504,accept,ok,37
4523,accept,ok,31
4525,accept,ok,29
4514,accept,ok,33
4519,accept,ok,36
4532,accept,ok,29
4526,accept,ok,34
4527,accept,ok,36
4533,accept,ok,32
4524,accept,ok,39
4530,accept,ok,35
4554,reject,Attacker_not_available
Terminated,6
4531,accept,ok,35
4534,accept,ok,34
4542,accept,ok,28
4572,reject,Attacker_not_available
Terminated,6
4535,accept,ok,38
4536,accept,ok,39
4538,accept,ok,37
4540,accept,ok,37
4545,accept,ok,33
4546,accept,ok,33
4544,accept,ok,35
4580,reject,Attacker_not_available
Terminated,6
4547,accept,ok,32
4548,accept,ok,29
4593,reject,Attacker_not_available
Terminated,6
4549,accept,ok,35
4604,reject,Attacker_not_available
Terminated,6
4551,accept,ok,36
4555,accept,ok,32
4550,accept,ok,37
4559,accept,ok,33
4606,reject,Attacker_not_available
Terminated,6
4605,reject,Attacker_not_available
Terminated,7
4562,accept,ok,33
4567,accept,ok,35
4566,accept,ok,36
4579,accept,ok,32
4585,accept,ok,29
4573,accept,ok,38
4577,accept,ok,36
4569,accept,ok,39
4582,accept,ok,33
4627,reject,Attacker_not_available
Terminated,6
4596,accept,ok,28
4583,accept,ok,33
4590,accept,ok,32
4634,reject,Attacker_not_available
Terminated,6
4592,accept,ok,35
4595,accept,ok,35
4643,reject,Attacker_not_available
Terminated,6
4645,reject,Assert_connectivity_failed,4
4599,accept,ok,36
4602,accept,ok,36
4617,accept,ok,30
4615,accept,ok,33
4612,accept,ok,36
4613,accept,ok,38
4624,accept,ok,35
4629,accept,ok,33
4620,accept,ok,41
4636,accept,ok,34
4666,reject,Assert_connectivity_failed,4
4642,accept,ok,31
4628,accept,ok,38
4630,accept,ok,36
4640,accept,ok,34
4638,accept,ok,34
4665,reject,Attacker_not_available
Terminated,8
4639,accept,ok,35
4633,accept,ok,39
4644,accept,ok,33
4610,accept,ok,51
4658,accept,ok,32
4657,accept,ok,34
4655,accept,ok,34
4654,accept,ok,37
4650,accept,ok,40
4661,accept,ok,31
4709,reject,Assert_connectivity_failed,3
4664,accept,ok,35
4659,accept,ok,42
4669,accept,ok,31
4680,accept,ok,29
4662,accept,ok,41
4676,accept,ok,31
4690,accept,ok,28
4719,reject,Assert_connectivity_failed,2
4686,accept,ok,31
4672,accept,ok,34
4675,accept,ok,34
4674,accept,ok,36
4683,accept,ok,34
4681,accept,ok,36
4678,accept,ok,37
4687,accept,ok,34
4727,reject,Attacker_not_available
Terminated,6
4740,reject,Assert_connectivity_failed,3
4691,accept,ok,38
4694,accept,ok,33
4737,reject,Attacker_not_available
Terminated,7
4698,accept,ok,32
4746,reject,Assert_connectivity_failed,3
4696,accept,ok,39
4712,accept,ok,30
4697,accept,ok,43
4702,accept,ok,40
4722,accept,ok,31
4718,accept,ok,33
4717,accept,ok,36
4735,accept,ok,30
4736,accept,ok,31
4771,reject,Assert_connectivity_failed,3
4724,accept,ok,35
4743,accept,ok,29
4744,accept,ok,29
4721,accept,ok,38
4770,reject,Attacker_not_available
Terminated,7
4728,accept,ok,36
4739,accept,ok,34
4723,accept,ok,40
4725,accept,ok,40
4745,accept,ok,36
4754,accept,ok,32
4752,accept,ok,37
4759,accept,ok,32
4748,accept,ok,40
4763,accept,ok,29
4750,accept,ok,41
4798,reject,Attacker_not_available
Terminated,6
4799,reject,Attacker_not_available
Terminated,6
4806,reject,Assert_connectivity_failed,4
4762,accept,ok,36
4767,accept,ok,28
4760,accept,ok,38
4811,reject,Assert_connectivity_failed,4
4778,accept,ok,27
4773,accept,ok,35
4776,accept,ok,33
4775,accept,ok,34
4781,accept,ok,33
4792,accept,ok,30
4783,accept,ok,34
4796,accept,ok,27
4790,accept,ok,32
4786,accept,ok,35
4794,accept,ok,35
4777,accept,ok,41
4785,accept,ok,39
4797,accept,ok,31
4843,reject,Attacker_not_available
Terminated,8
4802,accept,ok,30
4859,reject,Assert_connectivity_failed,4
4820,accept,ok,30
4818,accept,ok,31
4807,accept,ok,35
4801,accept,ok,41
4819,accept,ok,35
4817,accept,ok,37
4825,accept,ok,32
4864,reject,Attacker_not_available
Terminated,6
4837,accept,ok,28
4840,accept,ok,29
4822,accept,ok,39
4868,reject,Attacker_not_available
Terminated,6
4869,reject,Attacker_not_available
Terminated,6
4876,reject,Assert_connectivity_failed,4
4849,accept,ok,27
4831,accept,ok,36
4835,accept,ok,36
4875,reject,Attacker_not_available
Terminated,7
4851,accept,ok,29
4842,accept,ok,35
4846,accept,ok,35
4848,accept,ok,35
4857,accept,ok,32
4827,accept,ok,43
4884,reject,Attacker_not_available
Terminated,7
4858,accept,ok,33
4850,accept,ok,36
4905,reject,Attacker_not_available
Terminated,5
4861,accept,ok,33
4908,reject,Attacker_not_available
Terminated,7
4863,accept,ok,34
4862,accept,ok,37
4866,accept,ok,35
4872,accept,ok,31
4867,accept,ok,35
4873,accept,ok,30
4922,reject,Assert_connectivity_failed,3
4879,accept,ok,30
4924,reject,Attacker_not_available
Terminated,7
4894,accept,ok,30
4877,accept,ok,36
4882,accept,ok,36
4890,accept,ok,35
4900,accept,ok,33
4902,accept,ok,33
4937,reject,Attacker_not_available
Terminated,6
4888,accept,ok,38
4904,accept,ok,34
4915,accept,ok,27
4892,accept,ok,41
4913,accept,ok,33
4961,reject,Attacker_not_available
Terminated,6
4907,accept,ok,37
4906,accept,ok,40
4916,accept,ok,31
4965,reject,Attacker_not_available
Terminated,6
4899,accept,ok,48
4920,accept,ok,34
4928,accept,ok,31
4921,accept,ok,33
4936,accept,ok,33
4938,accept,ok,30
4930,accept,ok,37
4926,accept,ok,42
4948,accept,ok,30
4942,accept,ok,35
4943,accept,ok,33
4953,accept,ok,32
4949,accept,ok,33
4956,accept,ok,33
4946,accept,ok,35
4976,accept,ok,26
4973,accept,ok,27
4972,accept,ok,29
4964,accept,ok,32
4975,accept,ok,29
4971,accept,ok,32
4977,accept,ok,28
